音韻地位	全拼	第一段	第二段	第三段	三拼	範圍
並一侯上	bwuq	b	wu	q	BGJ	當前內建
並一侯去	bwuh	b	wu	h	BGH	當前內建
並一侯平	bwu	b	wu		BGK	當前內建
並一冬入	bowk	b	ow	k	BWS	當前內建
並一唐入	bak	b	a	k	BBS	當前內建
並一唐去	bangh	b	a	ngh	BBG	當前內建
並一唐平	bang	b	a	ng	BBD	當前內建
並一寒上	banq	b	a	nq	BBR	當前內建
並一寒入	bat	b	a	t	BBW	當前內建
並一寒去	banh	b	a	nh	BBT	當前內建
並一寒平	ban	b	a	n	BBE	當前內建
並一東上	bwungq	b	wu	ngq	BGF	當前內建
並一東入	bwuk	b	wu	k	BGS	當前內建
並一東平	bwung	b	wu	ng	BGD	當前內建
並一模上	boq	b	o	q	BDJ	當前內建
並一模去	boh	b	o	h	BDH	當前內建
並一模平	bo	b	o		BDK	當前內建
並一歌上	baq	b	a	q	BBJ	當前內建
並一歌平	ba	b	a		BBK	當前內建
並一泰去	baih	b	a	ih	BBY	當前內建
並一灰上	boiq	b	o	iq	BDU	當前內建
並一灰去	boih	b	o	ih	BDY	當前內建
並一灰平	boi	b	o	i	BDI	當前內建
並一登入	bok	b	o	k	BDS	當前內建
並一登去	bongh	b	o	ngh	BDG	當前內建
並一登平	bong	b	o	ng	BDD	當前內建
並一豪上	boawq	b	oa	wq	BBM	當前內建
並一豪去	boawh	b	oa	wh	BBN	當前內建
並一豪平	boaw	b	oa	w	BBL	當前內建
並一魂上	bonq	b	o	nq	BDR	當前內建
並一魂入	bot	b	o	t	BDW	當前內建
並一魂去	bonh	b	o	nh	BDT	當前內建
並一魂平	bon	b	o	n	BDE	當前內建
並三A仙上	bienq	b	ie	nq	BUR	當前內建
並三A仙去	bienh	b	ie	nh	BUT	當前內建
並三A仙平	bien	b	ie	n	BUE	當前內建
並三A宵上	biewq	b	ie	wq	BUM	當前內建
並三A宵去	biewh	b	ie	wh	BUN	當前內建
並三A宵平	biew	b	ie	w	BUL	當前內建
並三A支上	bieq	b	ie	q	BUJ	當前內建
並三A支去	bieh	b	ie	h	BUH	當前內建
並三A支平	bie	b	ie		BUK	當前內建
並三A清入	biaek	b	iae	k	BOS	當前內建
並三A清去	biaengh	b	iae	ngh	BOG	當前內建
並三A真上	binq	b	i	nq	BJR	當前內建
並三A真入	bit	b	i	t	BJW	當前內建
並三A真平	bin	b	i	n	BJE	當前內建
並三A祭去	bieih	b	ie	ih	BUY	當前內建
並三A脂上	biq	b	i	iq	BJU	當前內建
並三A脂去	bih	b	i	ih	BJY	當前內建
並三A脂平	bi	b	i	i	BJI	當前內建
並三A陽上	biangq	b	ia	ngq	BJF	當前內建
並三B仙上	brienq	b	rie	nq	BQR	當前內建
並三B仙入	briet	b	rie	t	BQW	當前內建
並三B仙去	brienh	b	rie	nh	BQT	當前內建
並三B侵入	bvp	b	v	p	BNX	當前內建
並三B宵上	bvewq	b	ve	wq	BRM	當前內建
並三B幽平	briw	b	ri	w	BSL	當前內建
並三B庚入	briaek	b	riae	k	BUS	當前內建
並三B庚去	briaengh	b	riae	ngh	BUG	當前內建
並三B庚平	briaeng	b	riae	ng	BUD	當前內建
並三B支上	bveq	b	ve	q	BRJ	當前內建
並三B支去	bveh	b	ve	h	BRH	當前內建
並三B支平	bve	b	ve		BRK	當前內建
並三B真入	brit	b	ri	t	BSW	當前內建
並三B真平	brin	b	ri	n	BSE	當前內建
並三B脂上	briq	b	ri	iq	BSU	當前內建
並三B脂去	brih	b	ri	ih	BSY	當前內建
並三B脂平	bri	b	ri	i	BSI	當前內建
並三B蒸入	brik	b	ri	k	BSS	當前內建
並三B蒸去	bringh	b	ri	ngh	BSG	當前內建
並三B蒸平	bring	b	ri	ng	BSD	當前內建
並三C元上	buonq	b	uo	nq	BKR	當前內建
並三C元入	buot	b	uo	t	BKW	當前內建
並三C元去	buonh	b	uo	nh	BKT	當前內建
並三C元平	buon	b	uo	n	BKE	當前內建
並三C凡上	buomq	b	uo	mq	BKV	當前內建
並三C凡入	buop	b	uo	p	BKX	當前內建
並三C凡去	buomh	b	uo	mh	BKB	當前內建
並三C凡平	buom	b	uo	m	BKC	當前內建
並三C尤上	buq	b	u	q	BLJ	當前內建
並三C尤去	buh	b	u	h	BLH	當前內建
並三C尤平	bu	b	u		BLK	當前內建
並三C廢去	buoih	b	uo	ih	BKY	當前內建
並三C微上	buiq	b	u	iq	BLU	當前內建
並三C微去	buih	b	u	ih	BLY	當前內建
並三C微平	bui	b	u	i	BLI	當前內建
並三C文上	bunq	b	u	nq	BLR	當前內建
並三C文入	but	b	u	t	BLW	當前內建
並三C文去	bunh	b	u	nh	BLT	當前內建
並三C文平	bun	b	u	n	BLE	當前內建
並三C東入	buk	b	u	k	BLS	當前內建
並三C東去	bungh	b	u	ngh	BLG	當前內建
並三C東平	bung	b	u	ng	BLD	當前內建
並三C歌去	buah	b	ua	h	BQH	當前內建
並三C虞上	buoq	b	uo	q	BKJ	當前內建
並三C虞去	buoh	b	uo	h	BKH	當前內建
並三C虞平	buo	b	uo		BKK	當前內建
並三C鍾上	buongq	b	uo	ngq	BKF	當前內建
並三C鍾入	buok	b	uo	k	BKS	當前內建
並三C鍾去	buongh	b	uo	ngh	BKG	當前內建
並三C鍾平	buong	b	uo	ng	BKD	當前內建
並三C陽入	buak	b	ua	k	BQS	當前內建
並三C陽去	buangh	b	ua	ngh	BQG	當前內建
並三C陽平	buang	b	ua	ng	BQD	當前內建
並二佳上	breq	b	re	q	BCJ	當前內建
並二佳去	breh	b	re	h	BCH	當前內建
並二佳平	bre	b	re		BCK	當前內建
並二刪上	braenq	b	rae	nq	BAR	當前內建
並二夬去	braeih	b	rae	ih	BAY	當前內建
並二山入	bret	b	re	t	BCW	當前內建
並二山去	brenh	b	re	nh	BCT	當前內建
並二庚上	braengq	b	rae	ngq	BAF	當前內建
並二庚入	braek	b	rae	k	BAS	當前內建
並二庚去	braengh	b	rae	ngh	BAG	當前內建
並二庚平	braeng	b	rae	ng	BAD	當前內建
並二江上	brongq	b	ro	ngq	BRF	當前內建
並二江入	brok	b	ro	k	BRS	當前內建
並二江平	brong	b	ro	ng	BRD	當前內建
並二皆去	breih	b	re	ih	BCY	當前內建
並二皆平	brei	b	re	i	BCI	當前內建
並二耕上	brengq	b	re	ngq	BCF	當前內建
並二耕入	brek	b	re	k	BCS	當前內建
並二耕去	brengh	b	re	ngh	BCG	當前內建
並二耕平	breng	b	re	ng	BCD	當前內建
並二肴上	braewq	b	rae	wq	BAM	當前內建
並二肴去	braewh	b	rae	wh	BAN	當前內建
並二肴平	braew	b	rae	w	BAL	當前內建
並二銜去	braemh	b	rae	mh	BAB	當前內建
並二銜平	braem	b	rae	m	BAC	當前內建
並二麻上	braeq	b	rae	q	BAJ	當前內建
並二麻去	braeh	b	rae	h	BAH	當前內建
並二麻平	brae	b	rae		BAK	當前內建
並四先上	benq	b	e	nq	BER	當前內建
並四先入	bet	b	e	t	BEW	當前內建
並四先平	ben	b	e	n	BEE	當前內建
並四青上	bengq	b	e	ngq	BEF	當前內建
並四青入	bek	b	e	k	BES	當前內建
並四青平	beng	b	e	ng	BED	當前內建
並四齊上	beiq	b	e	iq	BEU	當前內建
並四齊去	beih	b	e	ih	BEY	當前內建
並四齊平	bei	b	e	i	BEI	當前內建
云三C尤上	uq		u	q	WLJ	當前內建
云三C尤去	uh		u	h	WLH	當前內建
云三C尤平	u		u		WLK	當前內建
云三C東入	uk		u	k	WLS	當前內建
云三C東平	ung		u	ng	WLD	當前內建
云合三B仙去	ryenh		rye	nh	WRT	當前內建
云合三B仙平	ryen		rye	n	WRE	當前內建
云合三B庚上	ryaengq		ryae	ngq	WDF	當前內建
云合三B庚去	ryaengh		ryae	ngh	WDG	當前內建
云合三B庚平	ryaeng		ryae	ng	WDD	當前內建
云合三B支上	ueq		ue	q	WEJ	當前內建
云合三B支去	ueh		ue	h	WEH	當前內建
云合三B支平	ue		ue		WEK	當前內建
云合三B真上	ryinq		ryi	nq	WTR	當前內建
云合三B真入	ryit		ryi	t	WTW	當前內建
云合三B真去	ryinh		ryi	nh	WTT	當前內建
云合三B真平	ryin		ryi	n	WTE	當前內建
云合三B祭去	ryeih		rye	ih	WRY	當前內建
云合三B脂上	ryiq		ryi	iq	WTU	當前內建
云合三B脂去	ryih		ryi	ih	WTY	當前內建
云合三B脂平	ryi		ryi	i	WTI	當前內建
云合三B蒸入	ryik		ryi	k	WTS	當前內建
云合三C元上	uonq		uo	nq	WKR	當前內建
云合三C元入	uot		uo	t	WKW	當前內建
云合三C元去	uonh		uo	nh	WKT	當前內建
云合三C元平	uon		uo	n	WKE	當前內建
云合三C廢上	uoiq		uo	iq	WKU	當前內建
云合三C微上	uiq		u	iq	WLU	當前內建
云合三C微去	uih		u	ih	WLY	當前內建
云合三C微平	ui		u	i	WLI	當前內建
云合三C文上	unq		u	nq	WLR	當前內建
云合三C文入	ut		u	t	WLW	當前內建
云合三C文去	unh		u	nh	WLT	當前內建
云合三C文平	un		u	n	WLE	當前內建
云合三C虞上	uoq		uo	q	WKJ	當前內建
云合三C虞去	uoh		uo	h	WKH	當前內建
云合三C虞平	uo		uo		WKK	當前內建
云合三C陽上	uangq		ua	ngq	WQF	當前內建
云合三C陽入	uak		ua	k	WQS	當前內建
云合三C陽去	uangh		ua	ngh	WQG	當前內建
云合三C陽平	uang		ua	ng	WQD	當前內建
云開三B仙平	rien		rie	n	WQE	當前內建
云開三B侵入	vp		v	p	WNX	當前內建
云開三B侵去	vmh		v	mh	WNB	當前內建
云開三B宵平	vew		ve	w	WRL	當前內建
云開三B鹽入	riep		rie	p	WQX	當前內建
云開三B鹽平	riem		rie	m	WQC	當前內建
云開三C之上	vq		v	q	WNJ	當前內建
以三尤上	iuq		iu	q	WCJ	當前內建
以三尤去	iuh		iu	h	WCH	當前內建
以三尤平	iu		iu		WCK	當前內建
以三東入	iuk		iu	k	WCS	當前內建
以三東平	iung		iu	ng	WCD	當前內建
以三鍾上	yongq		yo	ngq	WIF	當前內建
以三鍾入	yok		yo	k	WIS	當前內建
以三鍾去	yongh		yo	ngh	WIG	當前內建
以三鍾平	yong		yo	ng	WID	當前內建
以合三仙上	yenq		ye	nq	WMR	當前內建
以合三仙入	yet		ye	t	WMW	當前內建
以合三仙去	yenh		ye	nh	WMT	當前內建
以合三仙平	yen		ye	n	WME	當前內建
以合三支上	yeq		ye	q	WMJ	當前內建
以合三支去	yeh		ye	h	WMH	當前內建
以合三支平	ye		ye		WMK	當前內建
以合三清上	yaengq		yae	ngq	WMF	當前內建
以合三清入	yaek		yae	k	WMS	當前內建
以合三清平	yaeng		yae	ng	WMD	當前內建
以合三真上	yinq		yi	nq	WGR	當前內建
以合三真入	yit		yi	t	WGW	當前內建
以合三真平	yin		yi	n	WGE	當前內建
以合三祭去	yeih		ye	ih	WMY	當前內建
以合三脂上	yiq		yi	iq	WGU	當前內建
以合三脂去	yih		yi	ih	WGY	當前內建
以合三脂平	yi		yi	i	WGI	當前內建
以合三虞上	yoq		yo	q	WIJ	當前內建
以合三虞去	yoh		yo	h	WIH	當前內建
以合三虞平	yo		yo		WIK	當前內建
以開三之上	ivq		iv	q	WBJ	當前內建
以開三之去	ivh		iv	h	WBH	當前內建
以開三之平	iv		iv		WBK	當前內建
以開三仙上	ienq		ie	nq	WUR	當前內建
以開三仙入	iet		ie	t	WUW	當前內建
以開三仙去	ienh		ie	nh	WUT	當前內建
以開三仙平	ien		ie	n	WUE	當前內建
以開三侵上	imq		i	mq	WJV	當前內建
以開三侵入	ip		i	p	WJX	當前內建
以開三侵平	im		i	m	WJC	當前內建
以開三嚴入	iop		io	p	WAX	當前內建
以開三宵上	iewq		ie	wq	WUM	當前內建
以開三宵去	iewh		ie	wh	WUN	當前內建
以開三宵平	iew		ie	w	WUL	當前內建
以開三廢上	ioiq		io	iq	WAU	當前內建
以開三支上	ieq		ie	q	WUJ	當前內建
以開三支去	ieh		ie	h	WUH	當前內建
以開三支平	ie		ie		WUK	當前內建
以開三清上	iaengq		iae	ngq	WOF	當前內建
以開三清入	iaek		iae	k	WOS	當前內建
以開三清平	iaeng		iae	ng	WOD	當前內建
以開三真上	inq		i	nq	WJR	當前內建
以開三真入	it		i	t	WJW	當前內建
以開三真去	inh		i	nh	WJT	當前內建
以開三真平	in		i	n	WJE	當前內建
以開三祭去	ieih		ie	ih	WUY	當前內建
以開三脂去	ih		i	ih	WJY	當前內建
以開三脂平	i		i	i	WJI	當前內建
以開三蒸入	ivk		iv	k	WBS	當前內建
以開三蒸去	ivngh		iv	ngh	WBG	當前內建
以開三蒸平	ivng		iv	ng	WBD	當前內建
以開三陽上	iangq		ia	ngq	WJF	當前內建
以開三陽入	iak		ia	k	WJS	當前內建
以開三陽去	iangh		ia	ngh	WJG	當前內建
以開三陽平	iang		ia	ng	WJD	當前內建
以開三魚上	ioq		io	q	WAJ	當前內建
以開三魚去	ioh		io	h	WAH	當前內建
以開三魚平	io		io		WAK	當前內建
以開三鹽上	iemq		ie	mq	WUV	當前內建
以開三鹽入	iep		ie	p	WUX	當前內建
以開三鹽去	iemh		ie	mh	WUB	當前內建
以開三鹽平	iem		ie	m	WUC	當前內建
以開三麻上	iaeq		iae	q	WOJ	當前內建
以開三麻去	iaeh		iae	h	WOH	當前內建
以開三麻平	iae		iae		WOK	當前內建
來一侯上	lwuq	l	wu	q	LGJ	當前內建
來一侯去	lwuh	l	wu	h	LGH	當前內建
來一侯平	lwu	l	wu		LGK	當前內建
來一冬入	lowk	l	ow	k	LWS	當前內建
來一冬平	lowng	l	ow	ng	LWD	當前內建
來一東上	lwungq	l	wu	ngq	LGF	當前內建
來一東入	lwuk	l	wu	k	LGS	當前內建
來一東去	lwungh	l	wu	ngh	LGG	當前內建
來一東平	lwung	l	wu	ng	LGD	當前內建
來一模上	loq	l	o	q	LDJ	當前內建
來一模去	loh	l	o	h	LDH	當前內建
來一模平	lo	l	o		LDK	當前內建
來三尤上	luq	l	u	q	LLJ	當前內建
來三尤去	luh	l	u	h	LLH	當前內建
來三尤平	lu	l	u		LLK	當前內建
來三東入	luk	l	u	k	LLS	當前內建
來三東平	lung	l	u	ng	LLD	當前內建
來三鍾上	luongq	l	uo	ngq	LKF	當前內建
來三鍾入	luok	l	uo	k	LKS	當前內建
來三鍾去	luongh	l	uo	ngh	LKG	當前內建
來三鍾平	luong	l	uo	ng	LKD	當前內建
來二江入	lrok	l	ro	k	LRS	當前內建
來二江平	lrong	l	ro	ng	LRD	當前內建
來合一唐入	lwak	l	wa	k	LFS	當前內建
來合一寒上	lwanq	l	wa	nq	LFR	當前內建
來合一寒入	lwat	l	wa	t	LFW	當前內建
來合一寒去	lwanh	l	wa	nh	LFT	當前內建
來合一寒平	lwan	l	wa	n	LFE	當前內建
來合一歌上	lwaq	l	wa	q	LFJ	當前內建
來合一歌去	lwah	l	wa	h	LFH	當前內建
來合一歌平	lwa	l	wa		LFK	當前內建
來合一泰去	lwaih	l	wa	ih	LFY	當前內建
來合一灰上	lwoiq	l	wo	iq	LOU	當前內建
來合一灰去	lwoih	l	wo	ih	LOY	當前內建
來合一灰平	lwoi	l	wo	i	LOI	當前內建
來合一魂上	lwonq	l	wo	nq	LOR	當前內建
來合一魂入	lwot	l	wo	t	LOW	當前內建
來合一魂去	lwonh	l	wo	nh	LOT	當前內建
來合一魂平	lwon	l	wo	n	LOE	當前內建
來合三仙上	lyenq	l	ye	nq	LMR	當前內建
來合三仙入	lyet	l	ye	t	LMW	當前內建
來合三仙去	lyenh	l	ye	nh	LMT	當前內建
來合三仙平	lyen	l	ye	n	LME	當前內建
來合三支上	lyeq	l	ye	q	LMJ	當前內建
來合三支去	lyeh	l	ye	h	LMH	當前內建
來合三支平	lye	l	ye		LMK	當前內建
來合三歌平	lua	l	ua		LQK	當前內建
來合三真上	lyinq	l	yi	nq	LGR	當前內建
來合三真入	lyit	l	yi	t	LGW	當前內建
來合三真平	lyin	l	yi	n	LGE	當前內建
來合三脂上	lyiq	l	yi	iq	LGU	當前內建
來合三脂去	lyih	l	yi	ih	LGY	當前內建
來合三脂平	lyi	l	yi	i	LGI	當前內建
來合三虞上	luoq	l	uo	q	LKJ	當前內建
來合三虞去	luoh	l	uo	h	LKH	當前內建
來合三虞平	luo	l	uo		LKK	當前內建
來合二皆平	lrwei	l	rwe	i	LPI	當前內建
來開一咍上	loiq	l	o	iq	LDU	當前內建
來開一咍去	loih	l	o	ih	LDY	當前內建
來開一咍平	loi	l	o	i	LDI	當前內建
來開一唐上	langq	l	a	ngq	LBF	當前內建
來開一唐入	lak	l	a	k	LBS	當前內建
來開一唐去	langh	l	a	ngh	LBG	當前內建
來開一唐平	lang	l	a	ng	LBD	當前內建
來開一寒上	lanq	l	a	nq	LBR	當前內建
來開一寒入	lat	l	a	t	LBW	當前內建
來開一寒去	lanh	l	a	nh	LBT	當前內建
來開一寒平	lan	l	a	n	LBE	當前內建
來開一歌上	laq	l	a	q	LBJ	當前內建
來開一歌去	lah	l	a	h	LBH	當前內建
來開一歌平	la	l	a		LBK	當前內建
來開一泰去	laih	l	a	ih	LBY	當前內建
來開一登入	lok	l	o	k	LDS	當前內建
來開一登去	longh	l	o	ngh	LDG	當前內建
來開一登平	long	l	o	ng	LDD	當前內建
來開一覃上	lomq	l	o	mq	LDV	當前內建
來開一覃入	lop	l	o	p	LDX	當前內建
來開一覃去	lomh	l	o	mh	LDB	當前內建
來開一覃平	lom	l	o	m	LDC	當前內建
來開一談上	lamq	l	a	mq	LBV	當前內建
來開一談入	lap	l	a	p	LBX	當前內建
來開一談去	lamh	l	a	mh	LBB	當前內建
來開一談平	lam	l	a	m	LBC	當前內建
來開一豪上	loawq	l	oa	wq	LBM	當前內建
來開一豪去	loawh	l	oa	wh	LBN	當前內建
來開一豪平	loaw	l	oa	w	LBL	當前內建
來開三之上	lvq	l	v	q	LNJ	當前內建
來開三之去	lvh	l	v	h	LNH	當前內建
來開三之平	lv	l	v		LNK	當前內建
來開三仙上	lienq	l	ie	nq	LUR	當前內建
來開三仙入	liet	l	ie	t	LUW	當前內建
來開三仙去	lienh	l	ie	nh	LUT	當前內建
來開三仙平	lien	l	ie	n	LUE	當前內建
來開三侵上	limq	l	i	mq	LJV	當前內建
來開三侵入	lip	l	i	p	LJX	當前內建
來開三侵去	limh	l	i	mh	LJB	當前內建
來開三侵平	lim	l	i	m	LJC	當前內建
來開三宵上	liewq	l	ie	wq	LUM	當前內建
來開三宵去	liewh	l	ie	wh	LUN	當前內建
來開三宵平	liew	l	ie	w	LUL	當前內建
來開三幽平	liw	l	i	w	LJL	當前內建
來開三支上	lieq	l	ie	q	LUJ	當前內建
來開三支去	lieh	l	ie	h	LUH	當前內建
來開三支平	lie	l	ie		LUK	當前內建
來開三清上	liaengq	l	iae	ngq	LOF	當前內建
來開三清去	liaengh	l	iae	ngh	LOG	當前內建
來開三清平	liaeng	l	iae	ng	LOD	當前內建
來開三真上	linq	l	i	nq	LJR	當前內建
來開三真入	lit	l	i	t	LJW	當前內建
來開三真去	linh	l	i	nh	LJT	當前內建
來開三真平	lin	l	i	n	LJE	當前內建
來開三祭去	lieih	l	ie	ih	LUY	當前內建
來開三脂上	liq	l	i	iq	LJU	當前內建
來開三脂去	lih	l	i	ih	LJY	當前內建
來開三脂平	li	l	i	i	LJI	當前內建
來開三蒸入	lvk	l	v	k	LNS	當前內建
來開三蒸去	lvngh	l	v	ngh	LNG	當前內建
來開三蒸平	lvng	l	v	ng	LND	當前內建
來開三陽上	lvangq	l	va	ngq	LJF	當前內建
來開三陽入	lvak	l	va	k	LJS	當前內建
來開三陽去	lvangh	l	va	ngh	LJG	當前內建
來開三陽平	lvang	l	va	ng	LJD	當前內建
來開三魚上	lvoq	l	vo	q	LIJ	當前內建
來開三魚去	lvoh	l	vo	h	LIH	當前內建
來開三魚平	lvo	l	vo		LIK	當前內建
來開三鹽上	liemq	l	ie	mq	LUV	當前內建
來開三鹽入	liep	l	ie	p	LUX	當前內建
來開三鹽去	liemh	l	ie	mh	LUB	當前內建
來開三鹽平	liem	l	ie	m	LUC	當前內建
來開二咸上	lremq	l	re	mq	LCV	當前內建
來開二山平	lren	l	re	n	LCE	當前內建
來開二庚上	laengq	l	ae	ngq	LCF	當前內建
來開二耕入	lrek	l	re	k	LCS	當前內建
來開二肴平	lraew	l	rae	w	LAL	當前內建
來開二麻上	lraeq	l	rae	q	LAJ	當前內建
來開四先入	let	l	e	t	LEW	當前內建
來開四先去	lenh	l	e	nh	LET	當前內建
來開四先平	len	l	e	n	LEE	當前內建
來開四添上	lemq	l	e	mq	LEV	當前內建
來開四添入	lep	l	e	p	LEX	當前內建
來開四添去	lemh	l	e	mh	LEB	當前內建
來開四添平	lem	l	e	m	LEC	當前內建
來開四蕭上	lewq	l	e	wq	LEM	當前內建
來開四蕭去	lewh	l	e	wh	LEN	當前內建
來開四蕭平	lew	l	e	w	LEL	當前內建
來開四青上	lengq	l	e	ngq	LEF	當前內建
來開四青入	lek	l	e	k	LES	當前內建
來開四青去	lengh	l	e	ngh	LEG	當前內建
來開四青平	leng	l	e	ng	LED	當前內建
來開四齊上	leiq	l	e	iq	LEU	當前內建
來開四齊去	leih	l	e	ih	LEY	當前內建
來開四齊平	lei	l	e	i	LEI	當前內建
俟開三之上	zrvq	z	rv	q	ZSJ	當前內建
俟開三之平	zrv	z	rv		ZSK	當前內建
初三尤上	tshruq	tsh	ru	q	RTJ	當前內建
初三尤去	tshruh	tsh	ru	h	RTH	當前內建
初三尤平	tshru	tsh	ru		RTK	當前內建
初三東入	tshruk	tsh	ru	k	RTS	當前內建
初二江入	tshrok	tsh	ro	k	RRS	當前內建
初二江去	tshrongh	tsh	ro	ngh	RRG	當前內建
初二江平	tshrong	tsh	ro	ng	RRD	當前內建
初合三仙入	tshryet	tsh	rye	t	RRW	當前內建
初合三元去	tshruonh	tsh	ruo	nh	RPT	當前內建
初合三支上	tshryeq	tsh	rye	q	RRJ	當前內建
初合三支平	tshrye	tsh	rye		RRK	當前內建
初合三祭去	tshryeih	tsh	rye	ih	RRY	當前內建
初合三脂去	tshryih	tsh	ryi	ih	RTY	當前內建
初合三虞去	tshruoh	tsh	ruo	h	RPH	當前內建
初合三虞平	tshruo	tsh	ruo		RPK	當前內建
初合二刪入	tshrwaet	tsh	rwae	t	RHW	當前內建
初合二刪去	tshrwaenh	tsh	rwae	nh	RHT	當前內建
初合二夬去	tshrwaeih	tsh	rwae	ih	RHY	當前內建
初合二山上	tshrwenq	tsh	rwe	nq	RPR	當前內建
初合二麻上	tshrwaeq	tsh	rwae	q	RHJ	當前內建
初開三之去	tshrvh	tsh	rv	h	RSH	當前內建
初開三之平	tshrv	tsh	rv		RSK	當前內建
初開三侵上	tshrimq	tsh	ri	mq	RSV	當前內建
初開三侵入	tshrip	tsh	ri	p	RSX	當前內建
初開三侵去	tshrimh	tsh	ri	mh	RSB	當前內建
初開三侵平	tshrim	tsh	ri	m	RSC	當前內建
初開三庚入	tshriaek	tsh	riae	k	RUS	當前內建
初開三庚去	tshriaengh	tsh	riae	ngh	RUG	當前內建
初開三支平	tshrie	tsh	rie		RQK	當前內建
初開三臻上	tshrinq	tsh	ri	nq	RSR	當前內建
初開三臻入	tshrit	tsh	ri	t	RSW	當前內建
初開三臻去	tshrinh	tsh	ri	nh	RST	當前內建
初開三蒸入	tshrvk	tsh	rv	k	RSS	當前內建
初開三陽上	tshrvangq	tsh	rva	ngq	RHF	當前內建
初開三陽去	tshrvangh	tsh	rva	ngh	RHG	當前內建
初開三陽平	tshrvang	tsh	rva	ng	RHD	當前內建
初開三魚上	tshrvoq	tsh	rvo	q	RVJ	當前內建
初開三魚去	tshrvoh	tsh	rvo	h	RVH	當前內建
初開三魚平	tshrvo	tsh	rvo		RVK	當前內建
初開二佳去	tshreh	tsh	re	h	RCH	當前內建
初開二佳平	tshre	tsh	re		RCK	當前內建
初開二刪上	tshraenq	tsh	rae	nq	RAR	當前內建
初開二刪入	tshraet	tsh	rae	t	RAW	當前內建
初開二刪去	tshraenh	tsh	rae	nh	RAT	當前內建
初開二咸上	tshremq	tsh	re	mq	RCV	當前內建
初開二咸入	tshrep	tsh	re	p	RCX	當前內建
初開二山上	tshrenq	tsh	re	nq	RCR	當前內建
初開二山入	tshret	tsh	re	t	RCW	當前內建
初開二山平	tshren	tsh	re	n	RCE	當前內建
初開二庚平	tshraeng	tsh	rae	ng	RAD	當前內建
初開二皆平	tshrei	tsh	re	i	RCI	當前內建
初開二耕入	tshrek	tsh	re	k	RCS	當前內建
初開二耕平	tshreng	tsh	re	ng	RCD	當前內建
初開二肴上	tshraewq	tsh	rae	wq	RAM	當前內建
初開二肴去	tshraewh	tsh	rae	wh	RAN	當前內建
初開二肴平	tshraew	tsh	rae	w	RAL	當前內建
初開二銜上	tshraemq	tsh	rae	mq	RAV	當前內建
初開二銜去	tshraemh	tsh	rae	mh	RAB	當前內建
初開二銜平	tshraem	tsh	rae	m	RAC	當前內建
初開二麻平	tshrae	tsh	rae		RAK	當前內建
匣一侯上	ghwuq	gh	wu	q	EGJ	當前內建
匣一侯去	ghwuh	gh	wu	h	EGH	當前內建
匣一侯平	ghwu	gh	wu		EGK	當前內建
匣一冬入	ghowk	gh	ow	k	EWS	當前內建
匣一冬去	ghowngh	gh	ow	ngh	EWG	當前內建
匣一冬平	ghowng	gh	ow	ng	EWD	當前內建
匣一東上	ghwungq	gh	wu	ngq	EGF	當前內建
匣一東入	ghwuk	gh	wu	k	EGS	當前內建
匣一東去	ghwungh	gh	wu	ngh	EGG	當前內建
匣一東平	ghwung	gh	wu	ng	EGD	當前內建
匣一模上	ghoq	gh	o	q	EDJ	當前內建
匣一模去	ghoh	gh	o	h	EDH	當前內建
匣一模平	gho	gh	o		EDK	當前內建
匣二江上	ghrongq	gh	ro	ngq	ERF	當前內建
匣二江入	ghrok	gh	ro	k	ERS	當前內建
匣二江去	ghrongh	gh	ro	ngh	ERG	當前內建
匣二江平	ghrong	gh	ro	ng	ERD	當前內建
匣合一唐上	ghwangq	gh	wa	ngq	EFF	當前內建
匣合一唐入	ghwak	gh	wa	k	EFS	當前內建
匣合一唐去	ghwangh	gh	wa	ngh	EFG	當前內建
匣合一唐平	ghwang	gh	wa	ng	EFD	當前內建
匣合一寒上	ghwanq	gh	wa	nq	EFR	當前內建
匣合一寒入	ghwat	gh	wa	t	EFW	當前內建
匣合一寒去	ghwanh	gh	wa	nh	EFT	當前內建
匣合一寒平	ghwan	gh	wa	n	EFE	當前內建
匣合一歌上	ghwaq	gh	wa	q	EFJ	當前內建
匣合一歌去	ghwah	gh	wa	h	EFH	當前內建
匣合一歌平	ghwa	gh	wa		EFK	當前內建
匣合一泰去	ghwaih	gh	wa	ih	EFY	當前內建
匣合一灰上	ghwoiq	gh	wo	iq	EOU	當前內建
匣合一灰去	ghwoih	gh	wo	ih	EOY	當前內建
匣合一灰平	ghwoi	gh	wo	i	EOI	當前內建
匣合一登入	ghwok	gh	wo	k	EOS	當前內建
匣合一登平	ghwong	gh	wo	ng	EOD	當前內建
匣合一魂上	ghwonq	gh	wo	nq	EOR	當前內建
匣合一魂入	ghwot	gh	wo	t	EOW	當前內建
匣合一魂去	ghwonh	gh	wo	nh	EOT	當前內建
匣合一魂平	ghwon	gh	wo	n	EOE	當前內建
匣合二佳上	ghrweq	gh	rwe	q	EPJ	當前內建
匣合二佳去	ghrweh	gh	rwe	h	EPH	當前內建
匣合二佳平	ghrwe	gh	rwe		EPK	當前內建
匣合二刪上	ghrwaenq	gh	rwae	nq	EHR	當前內建
匣合二刪入	ghrwaet	gh	rwae	t	EHW	當前內建
匣合二刪去	ghrwaenh	gh	rwae	nh	EHT	當前內建
匣合二刪平	ghrwaen	gh	rwae	n	EHE	當前內建
匣合二夬去	ghrwaeih	gh	rwae	ih	EHY	當前內建
匣合二山入	ghrwet	gh	rwe	t	EPW	當前內建
匣合二山去	ghrwenh	gh	rwe	nh	EPT	當前內建
匣合二山平	ghrwen	gh	rwe	n	EPE	當前內建
匣合二庚上	ghrwaengq	gh	rwae	ngq	EHF	當前內建
匣合二庚入	ghrwaek	gh	rwae	k	EHS	當前內建
匣合二庚去	ghrwaengh	gh	rwae	ngh	EHG	當前內建
匣合二庚平	ghrwaeng	gh	rwae	ng	EHD	當前內建
匣合二皆去	ghrweih	gh	rwe	ih	EPY	當前內建
匣合二皆平	ghrwei	gh	rwe	i	EPI	當前內建
匣合二耕入	ghrwek	gh	rwe	k	EPS	當前內建
匣合二耕平	ghrweng	gh	rwe	ng	EPD	當前內建
匣合二麻上	ghrwaeq	gh	rwae	q	EHJ	當前內建
匣合二麻去	ghrwaeh	gh	rwae	h	EHH	當前內建
匣合二麻平	ghrwae	gh	rwae		EHK	當前內建
匣合四先上	ghwenq	gh	we	nq	EVR	當前內建
匣合四先入	ghwet	gh	we	t	EVW	當前內建
匣合四先去	ghwenh	gh	we	nh	EVT	當前內建
匣合四先平	ghwen	gh	we	n	EVE	當前內建
匣合四青上	ghwengq	gh	we	ngq	EVF	當前內建
匣合四青平	ghweng	gh	we	ng	EVD	當前內建
匣合四齊去	ghweih	gh	we	ih	EVY	當前內建
匣合四齊平	ghwei	gh	we	i	EVI	當前內建
匣開一咍上	ghoiq	gh	o	iq	EDU	當前內建
匣開一咍去	ghoih	gh	o	ih	EDY	當前內建
匣開一咍平	ghoi	gh	o	i	EDI	當前內建
匣開一唐上	ghangq	gh	a	ngq	EBF	當前內建
匣開一唐入	ghak	gh	a	k	EBS	當前內建
匣開一唐去	ghangh	gh	a	ngh	EBG	當前內建
匣開一唐平	ghang	gh	a	ng	EBD	當前內建
匣開一寒上	ghanq	gh	a	nq	EBR	當前內建
匣開一寒入	ghat	gh	a	t	EBW	當前內建
匣開一寒去	ghanh	gh	a	nh	EBT	當前內建
匣開一寒平	ghan	gh	a	n	EBE	當前內建
匣開一歌上	ghaq	gh	a	q	EBJ	當前內建
匣開一歌去	ghah	gh	a	h	EBH	當前內建
匣開一歌平	gha	gh	a		EBK	當前內建
匣開一泰去	ghaih	gh	a	ih	EBY	當前內建
匣開一痕上	ghonq	gh	o	nq	EDR	當前內建
匣開一痕入	ghot	gh	o	t	EDW	當前內建
匣開一痕去	ghonh	gh	o	nh	EDT	當前內建
匣開一痕平	ghon	gh	o	n	EDE	當前內建
匣開一登入	ghok	gh	o	k	EDS	當前內建
匣開一登平	ghong	gh	o	ng	EDD	當前內建
匣開一覃上	ghomq	gh	o	mq	EDV	當前內建
匣開一覃入	ghop	gh	o	p	EDX	當前內建
匣開一覃去	ghomh	gh	o	mh	EDB	當前內建
匣開一覃平	ghom	gh	o	m	EDC	當前內建
匣開一談入	ghap	gh	a	p	EBX	當前內建
匣開一談去	ghamh	gh	a	mh	EBB	當前內建
匣開一談平	gham	gh	a	m	EBC	當前內建
匣開一豪上	ghoawq	gh	oa	wq	EBM	當前內建
匣開一豪去	ghoawh	gh	oa	wh	EBN	當前內建
匣開一豪平	ghoaw	gh	oa	w	EBL	當前內建
匣開二佳上	ghreq	gh	re	q	ECJ	當前內建
匣開二佳去	ghreh	gh	re	h	ECH	當前內建
匣開二佳平	ghre	gh	re		ECK	當前內建
匣開二刪上	ghraenq	gh	rae	nq	EAR	當前內建
匣開二刪入	ghraet	gh	rae	t	EAW	當前內建
匣開二刪去	ghraenh	gh	rae	nh	EAT	當前內建
匣開二咸上	ghremq	gh	re	mq	ECV	當前內建
匣開二咸入	ghrep	gh	re	p	ECX	當前內建
匣開二咸去	ghremh	gh	re	mh	ECB	當前內建
匣開二咸平	ghrem	gh	re	m	ECC	當前內建
匣開二夬去	ghraeih	gh	rae	ih	EAY	當前內建
匣開二山上	ghrenq	gh	re	nq	ECR	當前內建
匣開二山入	ghret	gh	re	t	ECW	當前內建
匣開二山去	ghrenh	gh	re	nh	ECT	當前內建
匣開二山平	ghren	gh	re	n	ECE	當前內建
匣開二庚上	ghraengq	gh	rae	ngq	EAF	當前內建
匣開二庚入	ghraek	gh	rae	k	EAS	當前內建
匣開二庚去	ghraengh	gh	rae	ngh	EAG	當前內建
匣開二庚平	ghraeng	gh	rae	ng	EAD	當前內建
匣開二皆上	ghreiq	gh	re	iq	ECU	當前內建
匣開二皆去	ghreih	gh	re	ih	ECY	當前內建
匣開二皆平	ghrei	gh	re	i	ECI	當前內建
匣開二耕上	ghrengq	gh	re	ngq	ECF	當前內建
匣開二耕入	ghrek	gh	re	k	ECS	當前內建
匣開二耕平	ghreng	gh	re	ng	ECD	當前內建
匣開二肴上	ghraewq	gh	rae	wq	EAM	當前內建
匣開二肴去	ghraewh	gh	rae	wh	EAN	當前內建
匣開二肴平	ghraew	gh	rae	w	EAL	當前內建
匣開二銜上	ghraemq	gh	rae	mq	EAV	當前內建
匣開二銜入	ghraep	gh	rae	p	EAX	當前內建
匣開二銜去	ghraemh	gh	rae	mh	EAB	當前內建
匣開二銜平	ghraem	gh	rae	m	EAC	當前內建
匣開二麻上	ghraeq	gh	rae	q	EAJ	當前內建
匣開二麻去	ghraeh	gh	rae	h	EAH	當前內建
匣開二麻平	ghrae	gh	rae		EAK	當前內建
匣開四先上	ghenq	gh	e	nq	EER	當前內建
匣開四先入	ghet	gh	e	t	EEW	當前內建
匣開四先去	ghenh	gh	e	nh	EET	當前內建
匣開四先平	ghen	gh	e	n	EEE	當前內建
匣開四添上	ghemq	gh	e	mq	EEV	當前內建
匣開四添入	ghep	gh	e	p	EEX	當前內建
匣開四添平	ghem	gh	e	m	EEC	當前內建
匣開四蕭上	ghewq	gh	e	wq	EEM	當前內建
匣開四青上	ghengq	gh	e	ngq	EEF	當前內建
匣開四青入	ghek	gh	e	k	EES	當前內建
匣開四青去	ghengh	gh	e	ngh	EEG	當前內建
匣開四青平	gheng	gh	e	ng	EED	當前內建
匣開四齊上	gheiq	gh	e	iq	EEU	當前內建
匣開四齊去	gheih	gh	e	ih	EEY	當前內建
匣開四齊平	ghei	gh	e	i	EEI	當前內建
孃三尤上	nruq	n	ru	q	NTJ	當前內建
孃三尤去	nruh	n	ru	h	NTH	當前內建
孃三東入	nruk	n	ru	k	NTS	當前內建
孃三鍾去	nruongh	n	ruo	ngh	NPG	當前內建
孃三鍾平	nruong	n	ruo	ng	NPD	當前內建
孃二江入	nrok	n	ro	k	NRS	當前內建
孃二江平	nrong	n	ro	ng	NRD	當前內建
孃合三仙入	nryet	n	rye	t	NRW	當前內建
孃合三支去	nryeh	n	rye	h	NRH	當前內建
孃合二刪入	nrwaet	n	rwae	t	NHW	當前內建
孃合二刪去	nrwaenh	n	rwae	nh	NHT	當前內建
孃合二刪平	nrwaen	n	rwae	n	NHE	當前內建
孃合二山入	nrwet	n	rwe	t	NPW	當前內建
孃開三之上	nrvq	n	rv	q	NSJ	當前內建
孃開三仙上	nrienq	n	rie	nq	NQR	當前內建
孃開三仙去	nrienh	n	rie	nh	NQT	當前內建
孃開三侵上	nrimq	n	ri	mq	NSV	當前內建
孃開三侵入	nrip	n	ri	p	NSX	當前內建
孃開三侵去	nrimh	n	ri	mh	NSB	當前內建
孃開三侵平	nrim	n	ri	m	NSC	當前內建
孃開三嚴入	nrvop	n	rvo	p	NVX	當前內建
孃開三支上	nrieq	n	rie	q	NQJ	當前內建
孃開三真入	nrit	n	ri	t	NSW	當前內建
孃開三真平	nrin	n	ri	n	NSE	當前內建
孃開三脂上	nriq	n	ri	iq	NSU	當前內建
孃開三脂去	nrih	n	ri	ih	NSY	當前內建
孃開三脂平	nri	n	ri	i	NSI	當前內建
孃開三蒸入	nrvk	n	rv	k	NSS	當前內建
孃開三陽入	nrvak	n	rva	k	NHS	當前內建
孃開三陽去	nrvangh	n	rva	ngh	NHG	當前內建
孃開三陽平	nrvang	n	rva	ng	NHD	當前內建
孃開三魚上	nrvoq	n	rvo	q	NVJ	當前內建
孃開三魚去	nrvoh	n	rvo	h	NVH	當前內建
孃開三魚平	nrvo	n	rvo		NVK	當前內建
孃開三鹽入	nriep	n	rie	p	NQX	當前內建
孃開三鹽平	nriem	n	rie	m	NQC	當前內建
孃開二佳上	nreq	n	re	q	NCJ	當前內建
孃開二佳平	nre	n	re		NCK	當前內建
孃開二刪上	nraenq	n	rae	nq	NAR	當前內建
孃開二刪入	nraet	n	rae	t	NAW	當前內建
孃開二咸上	nremq	n	re	mq	NCV	當前內建
孃開二咸入	nrep	n	re	p	NCX	當前內建
孃開二咸去	nremh	n	re	mh	NCB	當前內建
孃開二咸平	nrem	n	re	m	NCC	當前內建
孃開二山入	nret	n	re	t	NCW	當前內建
孃開二山平	nren	n	re	n	NCE	當前內建
孃開二庚上	nraengq	n	rae	ngq	NAF	當前內建
孃開二庚入	nraek	n	rae	k	NAS	當前內建
孃開二庚平	nraeng	n	rae	ng	NAD	當前內建
孃開二皆去	nreih	n	re	ih	NCY	當前內建
孃開二皆平	nrei	n	re	i	NCI	當前內建
孃開二耕入	nrek	n	re	k	NCS	當前內建
孃開二耕平	nreng	n	re	ng	NCD	當前內建
孃開二肴上	nraewq	n	rae	wq	NAM	當前內建
孃開二肴去	nraewh	n	rae	wh	NAN	當前內建
孃開二肴平	nraew	n	rae	w	NAL	當前內建
孃開二麻上	nraeq	n	rae	q	NAJ	當前內建
孃開二麻去	nraeh	n	rae	h	NAH	當前內建
孃開二麻平	nrae	n	rae		NAK	當前內建
定一侯上	dwuq	d	wu	q	DGJ	當前內建
定一侯去	dwuh	d	wu	h	DGH	當前內建
定一侯平	dwu	d	wu		DGK	當前內建
定一冬入	dowk	d	ow	k	DWS	當前內建
定一冬平	downg	d	ow	ng	DWD	當前內建
定一東上	dwungq	d	wu	ngq	DGF	當前內建
定一東入	dwuk	d	wu	k	DGS	當前內建
定一東去	dwungh	d	wu	ngh	DGG	當前內建
定一東平	dwung	d	wu	ng	DGD	當前內建
定一模上	doq	d	o	q	DDJ	當前內建
定一模去	doh	d	o	h	DDH	當前內建
定一模平	do	d	o		DDK	當前內建
定合一寒上	dwanq	d	wa	nq	DFR	當前內建
定合一寒入	dwat	d	wa	t	DFW	當前內建
定合一寒去	dwanh	d	wa	nh	DFT	當前內建
定合一寒平	dwan	d	wa	n	DFE	當前內建
定合一歌上	dwaq	d	wa	q	DFJ	當前內建
定合一歌去	dwah	d	wa	h	DFH	當前內建
定合一歌平	dwa	d	wa		DFK	當前內建
定合一泰去	dwaih	d	wa	ih	DFY	當前內建
定合一灰上	dwoiq	d	wo	iq	DOU	當前內建
定合一灰去	dwoih	d	wo	ih	DOY	當前內建
定合一灰平	dwoi	d	wo	i	DOI	當前內建
定合一魂上	dwonq	d	wo	nq	DOR	當前內建
定合一魂入	dwot	d	wo	t	DOW	當前內建
定合一魂去	dwonh	d	wo	nh	DOT	當前內建
定合一魂平	dwon	d	wo	n	DOE	當前內建
定開一咍上	doiq	d	o	iq	DDU	當前內建
定開一咍去	doih	d	o	ih	DDY	當前內建
定開一咍平	doi	d	o	i	DDI	當前內建
定開一唐上	dangq	d	a	ngq	DBF	當前內建
定開一唐入	dak	d	a	k	DBS	當前內建
定開一唐去	dangh	d	a	ngh	DBG	當前內建
定開一唐平	dang	d	a	ng	DBD	當前內建
定開一寒上	danq	d	a	nq	DBR	當前內建
定開一寒入	dat	d	a	t	DBW	當前內建
定開一寒去	danh	d	a	nh	DBT	當前內建
定開一寒平	dan	d	a	n	DBE	當前內建
定開一歌上	daq	d	a	q	DBJ	當前內建
定開一歌去	dah	d	a	h	DBH	當前內建
定開一歌平	da	d	a		DBK	當前內建
定開一泰去	daih	d	a	ih	DBY	當前內建
定開一登入	dok	d	o	k	DDS	當前內建
定開一登去	dongh	d	o	ngh	DDG	當前內建
定開一登平	dong	d	o	ng	DDD	當前內建
定開一覃上	domq	d	o	mq	DDV	當前內建
定開一覃入	dop	d	o	p	DDX	當前內建
定開一覃去	domh	d	o	mh	DDB	當前內建
定開一覃平	dom	d	o	m	DDC	當前內建
定開一談上	damq	d	a	mq	DBV	當前內建
定開一談入	dap	d	a	p	DBX	當前內建
定開一談去	damh	d	a	mh	DBB	當前內建
定開一談平	dam	d	a	m	DBC	當前內建
定開一豪上	doawq	d	oa	wq	DBM	當前內建
定開一豪去	doawh	d	oa	wh	DBN	當前內建
定開一豪平	doaw	d	oa	w	DBL	當前內建
定開二佳上	greq	g	re	q	GCJ	當前內建
定開四先上	denq	d	e	nq	DER	當前內建
定開四先入	det	d	e	t	DEW	當前內建
定開四先去	denh	d	e	nh	DET	當前內建
定開四先平	den	d	e	n	DEE	當前內建
定開四添上	demq	d	e	mq	DEV	當前內建
定開四添入	dep	d	e	p	DEX	當前內建
定開四添去	demh	d	e	mh	DEB	當前內建
定開四添平	dem	d	e	m	DEC	當前內建
定開四脂去	dih	d	i	h	DJH	當前內建
定開四蕭上	dewq	d	e	wq	DEM	當前內建
定開四蕭去	dewh	d	e	wh	DEN	當前內建
定開四蕭平	dew	d	e	w	DEL	當前內建
定開四青上	dengq	d	e	ngq	DEF	當前內建
定開四青入	dek	d	e	k	DES	當前內建
定開四青去	dengh	d	e	ngh	DEG	當前內建
定開四青平	deng	d	e	ng	DED	當前內建
定開四齊上	deiq	d	e	iq	DEU	當前內建
定開四齊去	deih	d	e	ih	DEY	當前內建
定開四齊平	dei	d	e	i	DEI	當前內建
崇三尤上	dzruq	dz	ru	q	ATJ	當前內建
崇三尤去	dzruh	dz	ru	h	ATH	當前內建
崇三尤平	dzru	dz	ru		ATK	當前內建
崇三東去	dzrungh	dz	ru	ngh	ATG	當前內建
崇三東平	dzrung	dz	ru	ng	ATD	當前內建
崇二江入	dzrok	dz	ro	k	ARS	當前內建
崇二江去	dzrongh	dz	ro	ngh	ARG	當前內建
崇二江平	dzrong	dz	ro	ng	ARD	當前內建
崇合三仙上	dzryenq	dz	rye	nq	ARR	當前內建
崇合三仙去	dzryenh	dz	rye	nh	ART	當前內建
崇合三虞上	dzruoq	dz	ruo	q	APJ	當前內建
崇合三虞平	dzruo	dz	ruo		APK	當前內建
崇合二刪上	dzrwaenq	dz	rwae	nq	AHR	當前內建
崇合二皆平	dzrwei	dz	rwe	i	API	當前內建
崇合二耕入	dzrwek	dz	rwe	k	APS	當前內建
崇開三之上	dzrvq	dz	rv	q	ASJ	當前內建
崇開三之去	dzrvh	dz	rv	h	ASH	當前內建
崇開三之平	dzrv	dz	rv		ASK	當前內建
崇開三仙上	dzrienq	dz	rie	nq	AQR	當前內建
崇開三仙入	dzriet	dz	rie	t	AQW	當前內建
崇開三仙平	dzrien	dz	rie	n	AQE	當前內建
崇開三侵入	dzrip	dz	ri	p	ASX	當前內建
崇開三侵平	dzrim	dz	ri	m	ASC	當前內建
崇開三支平	dzrie	dz	rie		AQK	當前內建
崇開三臻上	dzrinq	dz	ri	nq	ASR	當前內建
崇開三臻入	dzrit	dz	ri	t	ASW	當前內建
崇開三臻平	dzrin	dz	ri	n	ASE	當前內建
崇開三蒸入	dzrvk	dz	rv	k	ASS	當前內建
崇開三蒸平	dzrvng	dz	rv	ng	ASD	當前內建
崇開三陽去	dzrvangh	dz	rva	ngh	AHG	當前內建
崇開三陽平	dzrvang	dz	rva	ng	AHD	當前內建
崇開三魚上	dzrvoq	dz	rvo	q	AVJ	當前內建
崇開三魚去	dzrvoh	dz	rvo	h	AVH	當前內建
崇開三魚平	dzrvo	dz	rvo		AVK	當前內建
崇開二佳去	dzreh	dz	re	h	ACH	當前內建
崇開二佳平	dzre	dz	re		ACK	當前內建
崇開二刪上	dzraenq	dz	rae	nq	AAR	當前內建
崇開二刪入	dzraet	dz	rae	t	AAW	當前內建
崇開二刪去	dzraenh	dz	rae	nh	AAT	當前內建
崇開二咸上	dzremq	dz	re	mq	ACV	當前內建
崇開二咸入	dzrep	dz	re	p	ACX	當前內建
崇開二咸去	dzremh	dz	re	mh	ACB	當前內建
崇開二咸平	dzrem	dz	re	m	ACC	當前內建
崇開二夬去	dzraeih	dz	rae	ih	AAY	當前內建
崇開二山上	dzrenq	dz	re	nq	ACR	當前內建
崇開二山平	dzren	dz	re	n	ACE	當前內建
崇開二庚入	dzraek	dz	rae	k	AAS	當前內建
崇開二庚平	dzraeng	dz	rae	ng	AAD	當前內建
崇開二皆平	dzrei	dz	re	i	ACI	當前內建
崇開二耕入	dzrek	dz	re	k	ACS	當前內建
崇開二耕平	dzreng	dz	re	ng	ACD	當前內建
崇開二肴上	dzraewq	dz	rae	wq	AAM	當前內建
崇開二肴去	dzraewh	dz	rae	wh	AAN	當前內建
崇開二肴平	dzraew	dz	rae	w	AAL	當前內建
崇開二銜上	dzraemq	dz	rae	mq	AAV	當前內建
崇開二銜去	dzraemh	dz	rae	mh	AAB	當前內建
崇開二銜平	dzraem	dz	rae	m	AAC	當前內建
崇開二麻上	dzraeq	dz	rae	q	AAJ	當前內建
崇開二麻去	dzraeh	dz	rae	h	AAH	當前內建
崇開二麻平	dzrae	dz	rae		AAK	當前內建
常三尤上	djuq	d	ju	q	DLJ	當前內建
常三尤去	djuh	d	ju	h	DLH	當前內建
常三尤平	dju	d	ju		DLK	當前內建
常三東入	djuk	d	ju	k	DLS	當前內建
常三鍾上	dyongq	d	yo	ngq	DIF	當前內建
常三鍾入	dyok	d	yo	k	DIS	當前內建
常三鍾平	dyong	d	yo	ng	DID	當前內建
常合三仙上	dyenq	d	ye	nq	DMR	當前內建
常合三仙入	dyet	d	ye	t	DMW	當前內建
常合三仙去	dyenh	d	ye	nh	DMT	當前內建
常合三仙平	dyen	d	ye	n	DME	當前內建
常合三支上	dyeq	d	ye	q	DMJ	當前內建
常合三支去	dyeh	d	ye	h	DMH	當前內建
常合三支平	dye	d	ye		DMK	當前內建
常合三真平	dyin	d	yi	n	DGE	當前內建
常合三祭去	dyeih	d	ye	ih	DMY	當前內建
常合三脂平	dyi	d	yi	i	DGI	當前內建
常合三虞上	dyoq	d	yo	q	DIJ	當前內建
常合三虞去	dyoh	d	yo	h	DIH	當前內建
常合三虞平	dyo	d	yo		DIK	當前內建
常開三之上	djvq	d	jv	q	DKJ	當前內建
常開三之去	djvh	d	jv	h	DKH	當前內建
常開三之平	djv	d	jv		DKK	當前內建
常開三仙上	djenq	d	je	nq	DUR	當前內建
常開三仙入	djet	d	je	t	DUW	當前內建
常開三仙去	djenh	d	je	nh	DUT	當前內建
常開三仙平	djen	d	je	n	DUE	當前內建
常開三侵上	djimq	d	ji	mq	DIV	當前內建
常開三侵入	djip	d	ji	p	DIX	當前內建
常開三侵去	djimh	d	ji	mh	DIB	當前內建
常開三侵平	djim	d	ji	m	DIC	當前內建
常開三宵上	djewq	d	je	wq	DUM	當前內建
常開三宵去	djewh	d	je	wh	DUN	當前內建
常開三宵平	djew	d	je	w	DUL	當前內建
常開三支上	djeq	d	je	q	DUJ	當前內建
常開三支去	djeh	d	je	h	DUH	當前內建
常開三支平	dje	d	je		DUK	當前內建
常開三清入	djaek	d	jae	k	DNS	當前內建
常開三清去	djaengh	d	jae	ngh	DNG	當前內建
常開三清平	djaeng	d	jae	ng	DND	當前內建
常開三真上	djinq	d	ji	nq	DIR	當前內建
常開三真去	djinh	d	ji	nh	DIT	當前內建
常開三真平	djin	d	ji	n	DIE	當前內建
常開三祭去	djeih	d	je	ih	DUY	當前內建
常開三祭平	djei	d	je	i	DUI	當前內建
常開三脂上	djiq	d	ji	iq	DIU	當前內建
常開三脂去	djih	d	ji	ih	DIY	當前內建
常開三蒸入	djvk	d	jv	k	DKS	當前內建
常開三蒸去	djvngh	d	jv	ngh	DKG	當前內建
常開三蒸平	djvng	d	jv	ng	DKD	當前內建
常開三陽上	djangq	d	ja	ngq	DFF	當前內建
常開三陽入	djak	d	ja	k	DFS	當前內建
常開三陽去	djangh	d	ja	ngh	DFG	當前內建
常開三陽平	djang	d	ja	ng	DFD	當前內建
常開三魚上	djoq	d	jo	q	DWJ	當前內建
常開三魚去	djoh	d	jo	h	DWH	當前內建
常開三魚平	djo	d	jo		DWK	當前內建
常開三鹽上	djemq	d	je	mq	DUV	當前內建
常開三鹽入	djep	d	je	p	DUX	當前內建
常開三鹽去	djemh	d	je	mh	DUB	當前內建
常開三鹽平	djem	d	je	m	DUC	當前內建
常開三麻上	djaeq	d	jae	q	DNJ	當前內建
常開三麻平	djae	d	jae		DNK	當前內建
幫一侯上	pwuq	p	wu	q	PGJ	當前內建
幫一冬入	powk	p	ow	k	PWS	當前內建
幫一唐上	pangq	p	a	ngq	PBF	當前內建
幫一唐入	pak	p	a	k	PBS	當前內建
幫一唐去	pangh	p	a	ngh	PBG	當前內建
幫一唐平	pang	p	a	ng	PBD	當前內建
幫一寒上	panq	p	a	nq	PBR	當前內建
幫一寒入	pat	p	a	t	PBW	當前內建
幫一寒去	panh	p	a	nh	PBT	當前內建
幫一寒平	pan	p	a	n	PBE	當前內建
幫一東上	pwungq	p	wu	ngq	PGF	當前內建
幫一東入	pwuk	p	wu	k	PGS	當前內建
幫一模上	poq	p	o	q	PDJ	當前內建
幫一模去	poh	p	o	h	PDH	當前內建
幫一模平	po	p	o		PDK	當前內建
幫一歌上	paq	p	a	q	PBJ	當前內建
幫一歌去	pah	p	a	h	PBH	當前內建
幫一歌平	pa	p	a		PBK	當前內建
幫一泰去	paih	p	a	ih	PBY	當前內建
幫一灰去	poih	p	o	ih	PDY	當前內建
幫一灰平	poi	p	o	i	PDI	當前內建
幫一登入	pok	p	o	k	PDS	當前內建
幫一登去	pongh	p	o	ngh	PDG	當前內建
幫一登平	pong	p	o	ng	PDD	當前內建
幫一豪上	poawq	p	oa	wq	PBM	當前內建
幫一豪去	poawh	p	oa	wh	PBN	當前內建
幫一豪平	poaw	p	oa	w	PBL	當前內建
幫一魂上	ponq	p	o	nq	PDR	當前內建
幫一魂去	ponh	p	o	nh	PDT	當前內建
幫一魂平	pon	p	o	n	PDE	當前內建
幫三A仙上	pienq	p	ie	nq	PUR	當前內建
幫三A仙入	piet	p	ie	t	PUW	當前內建
幫三A仙平	pien	p	ie	n	PUE	當前內建
幫三A宵上	piewq	p	ie	wq	PUM	當前內建
幫三A宵平	piew	p	ie	w	PUL	當前內建
幫三A支上	pieq	p	ie	q	PUJ	當前內建
幫三A支去	pieh	p	ie	h	PUH	當前內建
幫三A支平	pie	p	ie		PUK	當前內建
幫三A清上	piaengq	p	iae	ngq	POF	當前內建
幫三A清入	piaek	p	iae	k	POS	當前內建
幫三A清去	piaengh	p	iae	ngh	POG	當前內建
幫三A清平	piaeng	p	iae	ng	POD	當前內建
幫三A真入	pit	p	i	t	PJW	當前內建
幫三A真去	pinh	p	i	nh	PJT	當前內建
幫三A真平	pin	p	i	n	PJE	當前內建
幫三A祭去	pieih	p	ie	ih	PUY	當前內建
幫三A脂上	piq	p	i	iq	PJU	當前內建
幫三A脂去	pih	p	i	ih	PJY	當前內建
幫三B仙上	prienq	p	rie	nq	PQR	當前內建
幫三B仙入	priet	p	rie	t	PQW	當前內建
幫三B仙去	prienh	p	rie	nh	PQT	當前內建
幫三B侵上	pvmq	p	v	mq	PNV	當前內建
幫三B侵入	pvp	p	v	p	PNX	當前內建
幫三B宵上	pvewq	p	ve	wq	PRM	當前內建
幫三B宵去	pvewh	p	ve	wh	PRN	當前內建
幫三B宵平	pvew	p	ve	w	PRL	當前內建
幫三B幽平	priw	p	ri	w	PSL	當前內建
幫三B庚上	priaengq	p	riae	ngq	PUF	當前內建
幫三B庚入	priaek	p	riae	k	PUS	當前內建
幫三B庚去	priaengh	p	riae	ngh	PUG	當前內建
幫三B庚平	priaeng	p	riae	ng	PUD	當前內建
幫三B支上	pveq	p	ve	q	PRJ	當前內建
幫三B支去	pveh	p	ve	h	PRH	當前內建
幫三B支平	pve	p	ve		PRK	當前內建
幫三B真入	prit	p	ri	t	PSW	當前內建
幫三B真平	prin	p	ri	n	PSE	當前內建
幫三B脂上	priq	p	ri	iq	PSU	當前內建
幫三B脂去	prih	p	ri	ih	PSY	當前內建
幫三B脂平	pri	p	ri	i	PSI	當前內建
幫三B蒸入	prik	p	ri	k	PSS	當前內建
幫三B蒸平	pring	p	ri	ng	PSD	當前內建
幫三B鹽上	priemq	p	rie	mq	PQV	當前內建
幫三B鹽去	priemh	p	rie	mh	PQB	當前內建
幫三B鹽平	priem	p	rie	m	PQC	當前內建
幫三C元上	puonq	p	uo	nq	PKR	當前內建
幫三C元入	puot	p	uo	t	PKW	當前內建
幫三C元去	puonh	p	uo	nh	PKT	當前內建
幫三C元平	puon	p	uo	n	PKE	當前內建
幫三C凡上	puomq	p	uo	mq	PKV	當前內建
幫三C凡入	puop	p	uo	p	PKX	當前內建
幫三C尤上	puq	p	u	q	PLJ	當前內建
幫三C尤去	puh	p	u	h	PLH	當前內建
幫三C尤平	pu	p	u		PLK	當前內建
幫三C廢去	puoih	p	uo	ih	PKY	當前內建
幫三C微上	puiq	p	u	iq	PLU	當前內建
幫三C微去	puih	p	u	ih	PLY	當前內建
幫三C微平	pui	p	u	i	PLI	當前內建
幫三C文上	punq	p	u	nq	PLR	當前內建
幫三C文入	put	p	u	t	PLW	當前內建
幫三C文去	punh	p	u	nh	PLT	當前內建
幫三C文平	pun	p	u	n	PLE	當前內建
幫三C東入	puk	p	u	k	PLS	當前內建
幫三C東去	pungh	p	u	ngh	PLG	當前內建
幫三C東平	pung	p	u	ng	PLD	當前內建
幫三C虞上	puoq	p	uo	q	PKJ	當前內建
幫三C虞去	puoh	p	uo	h	PKH	當前內建
幫三C虞平	puo	p	uo		PKK	當前內建
幫三C鍾上	puongq	p	uo	ngq	PKF	當前內建
幫三C鍾入	puok	p	uo	k	PKS	當前內建
幫三C鍾去	puongh	p	uo	ngh	PKG	當前內建
幫三C鍾平	puong	p	uo	ng	PKD	當前內建
幫三C陽上	puangq	p	ua	ngq	PQF	當前內建
幫三C陽去	puangh	p	ua	ngh	PQG	當前內建
幫三C陽平	puang	p	ua	ng	PQD	當前內建
幫二佳上	preq	p	re	q	PCJ	當前內建
幫二佳去	preh	p	re	h	PCH	當前內建
幫二刪上	praenq	p	rae	nq	PAR	當前內建
幫二刪入	praet	p	rae	t	PAW	當前內建
幫二刪平	praen	p	rae	n	PAE	當前內建
幫二夬去	praeih	p	rae	ih	PAY	當前內建
幫二山入	pret	p	re	t	PCW	當前內建
幫二山去	prenh	p	re	nh	PCT	當前內建
幫二山平	pren	p	re	n	PCE	當前內建
幫二庚上	praengq	p	rae	ngq	PAF	當前內建
幫二庚入	praek	p	rae	k	PAS	當前內建
幫二庚去	praengh	p	rae	ngh	PAG	當前內建
幫二庚平	praeng	p	rae	ng	PAD	當前內建
幫二江上	prongq	p	ro	ngq	PRF	當前內建
幫二江入	prok	p	ro	k	PRS	當前內建
幫二江平	prong	p	ro	ng	PRD	當前內建
幫二皆去	preih	p	re	ih	PCY	當前內建
幫二耕入	prek	p	re	k	PCS	當前內建
幫二耕去	prengh	p	re	ngh	PCG	當前內建
幫二耕平	preng	p	re	ng	PCD	當前內建
幫二肴上	praewq	p	rae	wq	PAM	當前內建
幫二肴去	praewh	p	rae	wh	PAN	當前內建
幫二肴平	praew	p	rae	w	PAL	當前內建
幫二麻上	praeq	p	rae	q	PAJ	當前內建
幫二麻去	praeh	p	rae	h	PAH	當前內建
幫二麻平	prae	p	rae		PAK	當前內建
幫四先上	penq	p	e	nq	PER	當前內建
幫四先入	pet	p	e	t	PEW	當前內建
幫四先去	penh	p	e	nh	PET	當前內建
幫四先平	pen	p	e	n	PEE	當前內建
幫四青上	pengq	p	e	ngq	PEF	當前內建
幫四青入	pek	p	e	k	PES	當前內建
幫四齊上	peiq	p	e	iq	PEU	當前內建
幫四齊去	peih	p	e	ih	PEY	當前內建
幫四齊平	pei	p	e	i	PEI	當前內建
影一侯上	qwuq	q	wu	q	QGJ	當前內建
影一侯去	qwuh	q	wu	h	QGH	當前內建
影一侯平	qwu	q	wu		QGK	當前內建
影一冬入	qowk	q	ow	k	QWS	當前內建
影一東上	qwungq	q	wu	ngq	QGF	當前內建
影一東入	qwuk	q	wu	k	QGS	當前內建
影一東去	qwungh	q	wu	ngh	QGG	當前內建
影一東平	qwung	q	wu	ng	QGD	當前內建
影一模上	qoq	q	o	q	QDJ	當前內建
影一模去	qoh	q	o	h	QDH	當前內建
影一模平	qo	q	o		QDK	當前內建
影三C尤上	quq	q	u	q	QLJ	當前內建
影三C尤平	qu	q	u		QLK	當前內建
影三C東入	quk	q	u	k	QLS	當前內建
影三C鍾上	quongq	q	uo	ngq	QKF	當前內建
影三C鍾去	quongh	q	uo	ngh	QKG	當前內建
影三C鍾平	quong	q	uo	ng	QKD	當前內建
影二江上	qrongq	q	ro	ngq	QRF	當前內建
影二江入	qrok	q	ro	k	QRS	當前內建
影二江平	qrong	q	ro	ng	QRD	當前內建
影合一唐上	qwangq	q	wa	ngq	QFF	當前內建
影合一唐入	qwak	q	wa	k	QFS	當前內建
影合一唐去	qwangh	q	wa	ngh	QFG	當前內建
影合一唐平	qwang	q	wa	ng	QFD	當前內建
影合一寒上	qwanq	q	wa	nq	QFR	當前內建
影合一寒入	qwat	q	wa	t	QFW	當前內建
影合一寒去	qwanh	q	wa	nh	QFT	當前內建
影合一寒平	qwan	q	wa	n	QFE	當前內建
影合一歌上	qwaq	q	wa	q	QFJ	當前內建
影合一歌去	qwah	q	wa	h	QFH	當前內建
影合一歌平	qwa	q	wa		QFK	當前內建
影合一泰去	qwaih	q	wa	ih	QFY	當前內建
影合一灰上	qwoiq	q	wo	iq	QOU	當前內建
影合一灰去	qwoih	q	wo	ih	QOY	當前內建
影合一灰平	qwoi	q	wo	i	QOI	當前內建
影合一魂上	qwonq	q	wo	nq	QOR	當前內建
影合一魂入	qwot	q	wo	t	QOW	當前內建
影合一魂去	qwonh	q	wo	nh	QOT	當前內建
影合一魂平	qwon	q	wo	n	QOE	當前內建
影合三A仙入	qyet	q	ye	t	QMW	當前內建
影合三A仙平	qyen	q	ye	n	QME	當前內建
影合三A支去	qyeh	q	ye	h	QMH	當前內建
影合三A清平	qyaeng	q	yae	ng	QMD	當前內建
影合三B仙入	qryet	q	rye	t	QRW	當前內建
影合三B仙平	qryen	q	rye	n	QRE	當前內建
影合三B支上	queq	q	ue	q	QEJ	當前內建
影合三B支去	queh	q	ue	h	QEH	當前內建
影合三B支平	que	q	ue		QEK	當前內建
影合三B真平	qryin	q	ryi	n	QTE	當前內建
影合三C元上	quonq	q	uo	nq	QKR	當前內建
影合三C元入	quot	q	uo	t	QKW	當前內建
影合三C元去	quonh	q	uo	nh	QKT	當前內建
影合三C元平	quon	q	uo	n	QKE	當前內建
影合三C廢去	quoih	q	uo	ih	QKY	當前內建
影合三C微上	quiq	q	u	iq	QLU	當前內建
影合三C微去	quih	q	u	ih	QLY	當前內建
影合三C微平	qui	q	u	i	QLI	當前內建
影合三C文上	qunq	q	u	nq	QLR	當前內建
影合三C文入	qut	q	u	t	QLW	當前內建
影合三C文去	qunh	q	u	nh	QLT	當前內建
影合三C文平	qun	q	u	n	QLE	當前內建
影合三C歌平	qua	q	ua		QQK	當前內建
影合三C虞上	quoq	q	uo	q	QKJ	當前內建
影合三C虞去	quoh	q	uo	h	QKH	當前內建
影合三C虞平	quo	q	uo		QKK	當前內建
影合三C陽上	quangq	q	ua	ngq	QQF	當前內建
影合三C陽入	quak	q	ua	k	QQS	當前內建
影合二佳平	qrwe	q	rwe		QPK	當前內建
影合二刪上	qrwaenq	q	rwae	nq	QHR	當前內建
影合二刪去	qrwaenh	q	rwae	nh	QHT	當前內建
影合二刪平	qrwaen	q	rwae	n	QHE	當前內建
影合二夬去	qrwaeih	q	rwae	ih	QHY	當前內建
影合二山入	qrwet	q	rwe	t	QPW	當前內建
影合二山平	qrwen	q	rwe	n	QPE	當前內建
影合二庚上	qrwaengq	q	rwae	ngq	QHF	當前內建
影合二庚入	qrwaek	q	rwae	k	QHS	當前內建
影合二庚去	qrwaengh	q	rwae	ngh	QHG	當前內建
影合二皆平	qrwei	q	rwe	i	QPI	當前內建
影合二耕平	qrweng	q	rwe	ng	QPD	當前內建
影合二麻去	qrwaeh	q	rwae	h	QHH	當前內建
影合二麻平	qrwae	q	rwae		QHK	當前內建
影合四先入	qwet	q	we	t	QVW	當前內建
影合四先去	qwenh	q	we	nh	QVT	當前內建
影合四先平	qwen	q	we	n	QVE	當前內建
影合四青上	qwengq	q	we	ngq	QVF	當前內建
影合四青去	qwengh	q	we	ngh	QVG	當前內建
影合四齊平	qwei	q	we	i	QVI	當前內建
影開一咍上	qoiq	q	o	iq	QDU	當前內建
影開一咍去	qoih	q	o	ih	QDY	當前內建
影開一咍平	qoi	q	o	i	QDI	當前內建
影開一唐上	qangq	q	a	ngq	QBF	當前內建
影開一唐入	qak	q	a	k	QBS	當前內建
影開一唐去	qangh	q	a	ngh	QBG	當前內建
影開一唐平	qang	q	a	ng	QBD	當前內建
影開一寒入	qat	q	a	t	QBW	當前內建
影開一寒去	qanh	q	a	nh	QBT	當前內建
影開一寒平	qan	q	a	n	QBE	當前內建
影開一歌上	qaq	q	a	q	QBJ	當前內建
影開一歌去	qah	q	a	h	QBH	當前內建
影開一歌平	qa	q	a		QBK	當前內建
影開一泰去	qaih	q	a	ih	QBY	當前內建
影開一痕去	qonh	q	o	nh	QDT	當前內建
影開一痕平	qon	q	o	n	QDE	當前內建
影開一登入	qok	q	o	k	QDS	當前內建
影開一覃上	qomq	q	o	mq	QDV	當前內建
影開一覃入	qop	q	o	p	QDX	當前內建
影開一覃去	qomh	q	o	mh	QDB	當前內建
影開一覃平	qom	q	o	m	QDC	當前內建
影開一談上	qamq	q	a	mq	QBV	當前內建
影開一談入	qap	q	a	p	QBX	當前內建
影開一豪上	qoawq	q	oa	wq	QBM	當前內建
影開一豪去	qoawh	q	oa	wh	QBN	當前內建
影開一豪平	qoaw	q	oa	w	QBL	當前內建
影開三A仙去	qienh	q	ie	nh	QUT	當前內建
影開三A侵入	qip	q	i	p	QJX	當前內建
影開三A侵平	qim	q	i	m	QJC	當前內建
影開三A宵上	qiewq	q	ie	wq	QUM	當前內建
影開三A宵去	qiewh	q	ie	wh	QUN	當前內建
影開三A宵平	qiew	q	ie	w	QUL	當前內建
影開三A幽上	qiwq	q	i	wq	QJM	當前內建
影開三A幽去	qiwh	q	i	wh	QJN	當前內建
影開三A幽平	qiw	q	i	w	QJL	當前內建
影開三A支去	qieh	q	ie	h	QUH	當前內建
影開三A清上	qiaengq	q	iae	ngq	QOF	當前內建
影開三A清入	qiaek	q	iae	k	QOS	當前內建
影開三A清平	qiaeng	q	iae	ng	QOD	當前內建
影開三A真入	qit	q	i	t	QJW	當前內建
影開三A真去	qinh	q	i	nh	QJT	當前內建
影開三A真平	qin	q	i	n	QJE	當前內建
影開三A脂平	qi	q	i	i	QJI	當前內建
影開三A鹽上	qiemq	q	ie	mq	QUV	當前內建
影開三A鹽入	qiep	q	ie	p	QUX	當前內建
影開三A鹽去	qiemh	q	ie	mh	QUB	當前內建
影開三A鹽平	qiem	q	ie	m	QUC	當前內建
影開三B仙上	qrienq	q	rie	nq	QQR	當前內建
影開三B仙入	qriet	q	rie	t	QQW	當前內建
影開三B仙去	qrienh	q	rie	nh	QQT	原固定樣本
影開三B仙平	qrien	q	rie	n	QQE	當前內建
影開三B侵上	qvmq	q	v	mq	QNV	當前內建
影開三B侵入	qvp	q	v	p	QNX	當前內建
影開三B侵去	qvmh	q	v	mh	QNB	當前內建
影開三B侵平	qvm	q	v	m	QNC	當前內建
影開三B宵上	qvewq	q	ve	wq	QRM	當前內建
影開三B宵平	qvew	q	ve	w	QRL	當前內建
影開三B庚上	qriaengq	q	riae	ngq	QUF	當前內建
影開三B庚去	qriaengh	q	riae	ngh	QUG	當前內建
影開三B庚平	qriaeng	q	riae	ng	QUD	當前內建
影開三B支上	qveq	q	ve	q	QRJ	當前內建
影開三B支去	qveh	q	ve	h	QRH	當前內建
影開三B支平	qve	q	ve		QRK	當前內建
影開三B真入	qrit	q	ri	t	QSW	當前內建
影開三B真平	qrin	q	ri	n	QSE	當前內建
影開三B祭去	qrieih	q	rie	ih	QQY	當前內建
影開三B脂上	qriq	q	ri	iq	QSU	當前內建
影開三B脂去	qrih	q	ri	ih	QSY	當前內建
影開三B蒸入	qrik	q	ri	k	QSS	當前內建
影開三B鹽上	qriemq	q	rie	mq	QQV	當前內建
影開三B鹽入	qriep	q	rie	p	QQX	當前內建
影開三B鹽去	qriemh	q	rie	mh	QQB	當前內建
影開三B鹽平	qriem	q	rie	m	QQC	當前內建
影開三C之上	qvq	q	v	q	QNJ	當前內建
影開三C之去	qvh	q	v	h	QNH	當前內建
影開三C之平	qv	q	v		QNK	當前內建
影開三C元上	qvonq	q	vo	nq	QIR	當前內建
影開三C元入	qvot	q	vo	t	QIW	當前內建
影開三C元去	qvonh	q	vo	nh	QIT	當前內建
影開三C元平	qvon	q	vo	n	QIE	當前內建
影開三C嚴上	qvomq	q	vo	mq	QIV	當前內建
影開三C嚴入	qvop	q	vo	p	QIX	當前內建
影開三C嚴去	qvomh	q	vo	mh	QIB	當前內建
影開三C嚴平	qvom	q	vo	m	QIC	當前內建
影開三C微上	qviq	q	v	iq	QNU	當前內建
影開三C微去	qvih	q	v	ih	QNY	當前內建
影開三C微平	qvi	q	v	i	QNI	當前內建
影開三C殷上	qvnq	q	v	nq	QNR	當前內建
影開三C殷去	qvnh	q	v	nh	QNT	當前內建
影開三C殷平	qvn	q	v	n	QNE	當前內建
影開三C蒸入	qvk	q	v	k	QNS	當前內建
影開三C蒸去	qvngh	q	v	ngh	QNG	當前內建
影開三C蒸平	qvng	q	v	ng	QND	當前內建
影開三C陽上	qvangq	q	va	ngq	QJF	當前內建
影開三C陽入	qvak	q	va	k	QJS	當前內建
影開三C陽去	qvangh	q	va	ngh	QJG	當前內建
影開三C陽平	qvang	q	va	ng	QJD	當前內建
影開三C魚上	qvoq	q	vo	q	QIJ	當前內建
影開三C魚去	qvoh	q	vo	h	QIH	當前內建
影開三C魚平	qvo	q	vo		QIK	當前內建
影開二佳上	qreq	q	re	q	QCJ	當前內建
影開二佳去	qreh	q	re	h	QCH	當前內建
影開二佳平	qre	q	re		QCK	當前內建
影開二刪入	qraet	q	rae	t	QAW	當前內建
影開二刪去	qraenh	q	rae	nh	QAT	當前內建
影開二咸上	qremq	q	re	mq	QCV	當前內建
影開二咸入	qrep	q	re	p	QCX	當前內建
影開二咸去	qremh	q	re	mh	QCB	當前內建
影開二咸平	qrem	q	re	m	QCC	當前內建
影開二夬去	qraeih	q	rae	ih	QAY	當前內建
影開二山入	qret	q	re	t	QCW	當前內建
影開二山平	qren	q	re	n	QCE	當前內建
影開二庚入	qraek	q	rae	k	QAS	當前內建
影開二庚去	qraengh	q	rae	ngh	QAG	當前內建
影開二皆上	qreiq	q	re	iq	QCU	當前內建
影開二皆去	qreih	q	re	ih	QCY	當前內建
影開二皆平	qrei	q	re	i	QCI	當前內建
影開二耕入	qrek	q	re	k	QCS	當前內建
影開二耕去	qrengh	q	re	ngh	QCG	當前內建
影開二耕平	qreng	q	re	ng	QCD	當前內建
影開二肴上	qraewq	q	rae	wq	QAM	當前內建
影開二肴去	qraewh	q	rae	wh	QAN	當前內建
影開二肴平	qraew	q	rae	w	QAL	當前內建
影開二銜上	qraemq	q	rae	mq	QAV	當前內建
影開二銜入	qraep	q	rae	p	QAX	當前內建
影開二銜去	qraemh	q	rae	mh	QAB	當前內建
影開二麻上	qraeq	q	rae	q	QAJ	當前內建
影開二麻去	qraeh	q	rae	h	QAH	當前內建
影開二麻平	qrae	q	rae		QAK	當前內建
影開四先上	qenq	q	e	nq	QER	當前內建
影開四先入	qet	q	e	t	QEW	當前內建
影開四先去	qenh	q	e	nh	QET	當前內建
影開四先平	qen	q	e	n	QEE	當前內建
影開四添去	qemh	q	e	mh	QEB	當前內建
影開四蕭上	qewq	q	e	wq	QEM	當前內建
影開四蕭去	qewh	q	e	wh	QEN	當前內建
影開四蕭平	qew	q	e	w	QEL	當前內建
影開四青上	qengq	q	e	ngq	QEF	當前內建
影開四齊上	qeiq	q	e	iq	QEU	當前內建
影開四齊去	qeih	q	e	ih	QEY	當前內建
影開四齊平	qei	q	e	i	QEI	當前內建
從一侯上	dzwuq	dz	wu	q	AGJ	當前內建
從一侯去	dzwuh	dz	wu	h	AGH	當前內建
從一侯平	dzwu	dz	wu		AGK	當前內建
從一冬平	dzowng	dz	ow	ng	AWD	當前內建
從一東入	dzwuk	dz	wu	k	AGS	當前內建
從一東去	dzwungh	dz	wu	ngh	AGG	當前內建
從一東平	dzwung	dz	wu	ng	AGD	當前內建
從一模上	dzoq	dz	o	q	ADJ	當前內建
從一模去	dzoh	dz	o	h	ADH	當前內建
從一模平	dzo	dz	o		ADK	當前內建
從三尤上	dzuq	dz	u	q	ALJ	當前內建
從三尤去	dzuh	dz	u	h	ALH	當前內建
從三尤平	dzu	dz	u		ALK	當前內建
從三東入	dzuk	dz	u	k	ALS	當前內建
從三鍾去	dzuongh	dz	uo	ngh	AKG	當前內建
從三鍾平	dzuong	dz	uo	ng	AKD	當前內建
從合一寒入	dzwat	dz	wa	t	AFW	當前內建
從合一寒去	dzwanh	dz	wa	nh	AFT	當前內建
從合一寒平	dzwan	dz	wa	n	AFE	當前內建
從合一歌上	dzwaq	dz	wa	q	AFJ	當前內建
從合一歌去	dzwah	dz	wa	h	AFH	當前內建
從合一歌平	dzwa	dz	wa		AFK	當前內建
從合一泰去	dzwaih	dz	wa	ih	AFY	當前內建
從合一灰上	dzwoiq	dz	wo	iq	AOU	當前內建
從合一灰平	dzwoi	dz	wo	i	AOI	當前內建
從合一魂上	dzwonq	dz	wo	nq	AOR	當前內建
從合一魂入	dzwot	dz	wo	t	AOW	當前內建
從合一魂去	dzwonh	dz	wo	nh	AOT	當前內建
從合一魂平	dzwon	dz	wo	n	AOE	當前內建
從合三仙上	dzyenq	dz	ye	nq	AMR	當前內建
從合三仙入	dzyet	dz	ye	t	AMW	當前內建
從合三仙平	dzyen	dz	ye	n	AME	當前內建
從合三支上	dzyeq	dz	ye	q	AMJ	當前內建
從合三真入	dzyit	dz	yi	t	AGW	當前內建
從合三真平	dzyin	dz	yi	n	AGE	當前內建
從合三脂上	dzyiq	dz	yi	iq	AGU	當前內建
從合三脂去	dzyih	dz	yi	ih	AGY	當前內建
從合三虞上	dzuoq	dz	uo	q	AKJ	當前內建
從合三虞去	dzuoh	dz	uo	h	AKH	當前內建
從開一咍上	dzoiq	dz	o	iq	ADU	當前內建
從開一咍去	dzoih	dz	o	ih	ADY	當前內建
從開一咍平	dzoi	dz	o	i	ADI	當前內建
從開一唐上	dzangq	dz	a	ngq	ABF	當前內建
從開一唐入	dzak	dz	a	k	ABS	當前內建
從開一唐去	dzangh	dz	a	ngh	ABG	當前內建
從開一唐平	dzang	dz	a	ng	ABD	當前內建
從開一寒上	dzanq	dz	a	nq	ABR	當前內建
從開一寒入	dzat	dz	a	t	ABW	當前內建
從開一寒去	dzanh	dz	a	nh	ABT	當前內建
從開一寒平	dzan	dz	a	n	ABE	當前內建
從開一歌平	dza	dz	a		ABK	當前內建
從開一登入	dzok	dz	o	k	ADS	當前內建
從開一登去	dzongh	dz	o	ngh	ADG	當前內建
從開一登平	dzong	dz	o	ng	ADD	當前內建
從開一覃上	dzomq	dz	o	mq	ADV	當前內建
從開一覃入	dzop	dz	o	p	ADX	當前內建
從開一覃平	dzom	dz	o	m	ADC	當前內建
從開一談上	dzamq	dz	a	mq	ABV	當前內建
從開一談入	dzap	dz	a	p	ABX	當前內建
從開一談去	dzamh	dz	a	mh	ABB	當前內建
從開一談平	dzam	dz	a	m	ABC	當前內建
從開一豪上	dzoawq	dz	oa	wq	ABM	當前內建
從開一豪去	dzoawh	dz	oa	wh	ABN	當前內建
從開一豪平	dzoaw	dz	oa	w	ABL	當前內建
從開三之去	dzvh	dz	v	h	ANH	當前內建
從開三之平	dzv	dz	v		ANK	當前內建
從開三仙上	dzienq	dz	ie	nq	AUR	當前內建
從開三仙去	dzienh	dz	ie	nh	AUT	當前內建
從開三仙平	dzien	dz	ie	n	AUE	當前內建
從開三侵上	dzimq	dz	i	mq	AJV	當前內建
從開三侵入	dzip	dz	i	p	AJX	當前內建
從開三侵平	dzim	dz	i	m	AJC	當前內建
從開三宵去	dziewh	dz	ie	wh	AUN	當前內建
從開三宵平	dziew	dz	ie	w	AUL	當前內建
從開三支去	dzieh	dz	ie	h	AUH	當前內建
從開三支平	dzie	dz	ie		AUK	當前內建
從開三清上	dziaengq	dz	iae	ngq	AOF	當前內建
從開三清入	dziaek	dz	iae	k	AOS	當前內建
從開三清去	dziaengh	dz	iae	ngh	AOG	當前內建
從開三清平	dziaeng	dz	iae	ng	AOD	當前內建
從開三真上	dzinq	dz	i	nq	AJR	當前內建
從開三真入	dzit	dz	i	t	AJW	當前內建
從開三真去	dzinh	dz	i	nh	AJT	當前內建
從開三真平	dzin	dz	i	n	AJE	當前內建
從開三脂去	dzih	dz	i	ih	AJY	當前內建
從開三脂平	dzi	dz	i	i	AJI	當前內建
從開三蒸入	dzvk	dz	v	k	ANS	當前內建
從開三蒸平	dzvng	dz	v	ng	AND	當前內建
從開三陽入	dzvak	dz	va	k	AJS	當前內建
從開三陽去	dzvangh	dz	va	ngh	AJG	當前內建
從開三陽平	dzvang	dz	va	ng	AJD	當前內建
從開三魚上	dzvoq	dz	vo	q	AIJ	當前內建
從開三鹽上	dziemq	dz	ie	mq	AUV	當前內建
從開三鹽入	dziep	dz	ie	p	AUX	當前內建
從開三鹽去	dziemh	dz	ie	mh	AUB	當前內建
從開三鹽平	dziem	dz	ie	m	AUC	當前內建
從開三麻去	dziaeh	dz	iae	h	AOH	當前內建
從開三麻平	dziae	dz	iae		AOK	當前內建
從開四先入	dzet	dz	e	t	AEW	當前內建
從開四先去	dzenh	dz	e	nh	AET	當前內建
從開四先平	dzen	dz	e	n	AEE	當前內建
從開四添入	dzep	dz	e	p	AEX	當前內建
從開四添去	dzemh	dz	e	mh	AEB	當前內建
從開四青上	dzengq	dz	e	ngq	AEF	當前內建
從開四青入	dzek	dz	e	k	AES	當前內建
從開四齊上	dzeiq	dz	e	iq	AEU	當前內建
從開四齊去	dzeih	dz	e	ih	AEY	當前內建
從開四齊平	dzei	dz	e	i	AEI	當前內建
徹三尤上	thruq	th	ru	q	YTJ	當前內建
徹三尤去	thruh	th	ru	h	YTH	當前內建
徹三尤平	thru	th	ru		YTK	當前內建
徹三東入	thruk	th	ru	k	YTS	當前內建
徹三東平	thrung	th	ru	ng	YTD	當前內建
徹三鍾上	thruongq	th	ruo	ngq	YPF	當前內建
徹三鍾入	thruok	th	ruo	k	YPS	當前內建
徹三鍾去	thruongh	th	ruo	ngh	YPG	當前內建
徹三鍾平	thruong	th	ruo	ng	YPD	當前內建
徹二江入	throk	th	ro	k	YRS	當前內建
徹二江去	throngh	th	ro	ngh	YRG	當前內建
徹二江平	throng	th	ro	ng	YRD	當前內建
徹合三仙入	thryet	th	rye	t	YRW	當前內建
徹合三仙去	thryenh	th	rye	nh	YRT	當前內建
徹合三仙平	thryen	th	rye	n	YRE	當前內建
徹合三真上	thryinq	th	ryi	nq	YTR	當前內建
徹合三真入	thryit	th	ryi	t	YTW	當前內建
徹合三真平	thryin	th	ryi	n	YTE	當前內建
徹合三虞去	thruoh	th	ruo	h	YPH	當前內建
徹合三虞平	thruo	th	ruo		YPK	當前內建
徹合二刪入	thrwaet	th	rwae	t	YHW	當前內建
徹合二麻上	thrwaeq	th	rwae	q	YHJ	當前內建
徹開三之上	thrvq	th	rv	q	YSJ	當前內建
徹開三之去	thrvh	th	rv	h	YSH	當前內建
徹開三之平	thrv	th	rv		YSK	當前內建
徹開三仙上	thrienq	th	rie	nq	YQR	當前內建
徹開三仙入	thriet	th	rie	t	YQW	當前內建
徹開三仙平	thrien	th	rie	n	YQE	當前內建
徹開三侵上	thrimq	th	ri	mq	YSV	當前內建
徹開三侵入	thrip	th	ri	p	YSX	當前內建
徹開三侵去	thrimh	th	ri	mh	YSB	當前內建
徹開三侵平	thrim	th	ri	m	YSC	當前內建
徹開三嚴上	thrvomq	th	rvo	mq	YVV	當前內建
徹開三嚴入	thrvop	th	rvo	p	YVX	當前內建
徹開三宵上	thriewq	th	rie	wq	YQM	當前內建
徹開三宵去	thriewh	th	rie	wh	YQN	當前內建
徹開三宵平	thriew	th	rie	w	YQL	當前內建
徹開三支上	thrieq	th	rie	q	YQJ	當前內建
徹開三支平	thrie	th	rie		YQK	當前內建
徹開三清上	thriaengq	th	riae	ngq	YUF	當前內建
徹開三清入	thriaek	th	riae	k	YUS	當前內建
徹開三清去	thriaengh	th	riae	ngh	YUG	當前內建
徹開三清平	thriaeng	th	riae	ng	YUD	當前內建
徹開三真上	thrinq	th	ri	nq	YSR	當前內建
徹開三真入	thrit	th	ri	t	YSW	當前內建
徹開三真去	thrinh	th	ri	nh	YST	當前內建
徹開三真平	thrin	th	ri	n	YSE	當前內建
徹開三祭去	thrieih	th	rie	ih	YQY	當前內建
徹開三脂上	thriq	th	ri	iq	YSU	當前內建
徹開三脂去	thrih	th	ri	ih	YSY	當前內建
徹開三脂平	thri	th	ri	i	YSI	當前內建
徹開三蒸上	thrvngq	th	rv	ngq	YSF	當前內建
徹開三蒸入	thrvk	th	rv	k	YSS	當前內建
徹開三蒸去	thrvngh	th	rv	ngh	YSG	當前內建
徹開三蒸平	thrvng	th	rv	ng	YSD	當前內建
徹開三陽上	thrvangq	th	rva	ngq	YHF	當前內建
徹開三陽入	thrvak	th	rva	k	YHS	當前內建
徹開三陽去	thrvangh	th	rva	ngh	YHG	當前內建
徹開三陽平	thrvang	th	rva	ng	YHD	當前內建
徹開三魚上	thrvoq	th	rvo	q	YVJ	當前內建
徹開三魚去	thrvoh	th	rvo	h	YVH	當前內建
徹開三魚平	thrvo	th	rvo		YVK	當前內建
徹開三鹽上	thriemq	th	rie	mq	YQV	當前內建
徹開三鹽入	thriep	th	rie	p	YQX	當前內建
徹開三鹽去	thriemh	th	rie	mh	YQB	當前內建
徹開三鹽平	thriem	th	rie	m	YQC	當前內建
徹開二佳平	thre	th	re		YCK	當前內建
徹開二刪入	thraet	th	rae	t	YAW	當前內建
徹開二刪去	thraenh	th	rae	nh	YAT	當前內建
徹開二咸上	thremq	th	re	mq	YCV	當前內建
徹開二咸入	threp	th	re	p	YCX	當前內建
徹開二夬去	thraeih	th	rae	ih	YAY	當前內建
徹開二庚入	thraek	th	rae	k	YAS	當前內建
徹開二庚去	thraengh	th	rae	ngh	YAG	當前內建
徹開二庚平	thraeng	th	rae	ng	YAD	當前內建
徹開二皆平	threi	th	re	i	YCI	當前內建
徹開二肴去	thraewh	th	rae	wh	YAN	當前內建
徹開二肴平	thraew	th	rae	w	YAL	當前內建
徹開二麻上	thraeq	th	rae	q	YAJ	當前內建
徹開二麻去	thraeh	th	rae	h	YAH	當前內建
徹開二麻平	thrae	th	rae		YAK	當前內建
心一侯上	swuq	s	wu	q	SGJ	當前內建
心一侯去	swuh	s	wu	h	SGH	當前內建
心一侯平	swu	s	wu		SGK	當前內建
心一冬入	sowk	s	ow	k	SWS	當前內建
心一冬去	sowngh	s	ow	ngh	SWG	當前內建
心一冬平	sowng	s	ow	ng	SWD	當前內建
心一東上	swungq	s	wu	ngq	SGF	當前內建
心一東入	swuk	s	wu	k	SGS	當前內建
心一東去	swungh	s	wu	ngh	SGG	當前內建
心一東平	swung	s	wu	ng	SGD	當前內建
心一模去	soh	s	o	h	SDH	當前內建
心一模平	so	s	o		SDK	當前內建
心三尤上	suq	s	u	q	SLJ	當前內建
心三尤去	suh	s	u	h	SLH	當前內建
心三尤平	su	s	u		SLK	當前內建
心三東入	suk	s	u	k	SLS	當前內建
心三東平	sung	s	u	ng	SLD	當前內建
心三鍾上	suongq	s	uo	ngq	SKF	當前內建
心三鍾入	suok	s	uo	k	SKS	當前內建
心三鍾平	suong	s	uo	ng	SKD	當前內建
心合一寒上	swanq	s	wa	nq	SFR	當前內建
心合一寒去	swanh	s	wa	nh	SFT	當前內建
心合一寒平	swan	s	wa	n	SFE	當前內建
心合一歌上	swaq	s	wa	q	SFJ	當前內建
心合一歌去	swah	s	wa	h	SFH	當前內建
心合一歌平	swa	s	wa		SFK	當前內建
心合一泰去	swaih	s	wa	ih	SFY	當前內建
心合一灰去	swoih	s	wo	ih	SOY	當前內建
心合一灰平	swoi	s	wo	i	SOI	當前內建
心合一魂上	swonq	s	wo	nq	SOR	當前內建
心合一魂入	swot	s	wo	t	SOW	當前內建
心合一魂去	swonh	s	wo	nh	SOT	當前內建
心合一魂平	swon	s	wo	n	SOE	當前內建
心合三仙上	syenq	s	ye	nq	SMR	當前內建
心合三仙入	syet	s	ye	t	SMW	當前內建
心合三仙去	syenh	s	ye	nh	SMT	當前內建
心合三仙平	syen	s	ye	n	SME	當前內建
心合三支上	syeq	s	ye	q	SMJ	當前內建
心合三支去	syeh	s	ye	h	SMH	當前內建
心合三支平	sye	s	ye		SMK	當前內建
心合三清平	syaeng	s	yae	ng	SMD	當前內建
心合三真上	syinq	s	yi	nq	SGR	當前內建
心合三真入	syit	s	yi	t	SGW	當前內建
心合三真去	syinh	s	yi	nh	SGT	當前內建
心合三真平	syin	s	yi	n	SGE	當前內建
心合三祭去	syeih	s	ye	ih	SMY	當前內建
心合三脂去	syih	s	yi	ih	SGY	當前內建
心合三脂平	syi	s	yi	i	SGI	當前內建
心合三虞上	suoq	s	uo	q	SKJ	當前內建
心合三虞去	suoh	s	uo	h	SKH	原固定樣本
心合三虞平	suo	s	uo		SKK	當前內建
心開一咍去	soih	s	o	ih	SDY	當前內建
心開一咍平	soi	s	o	i	SDI	當前內建
心開一唐上	sangq	s	a	ngq	SBF	當前內建
心開一唐入	sak	s	a	k	SBS	當前內建
心開一唐去	sangh	s	a	ngh	SBG	當前內建
心開一唐平	sang	s	a	ng	SBD	當前內建
心開一寒上	sanq	s	a	nq	SBR	當前內建
心開一寒入	sat	s	a	t	SBW	當前內建
心開一寒去	sanh	s	a	nh	SBT	當前內建
心開一寒平	san	s	a	n	SBE	當前內建
心開一歌上	saq	s	a	q	SBJ	當前內建
心開一歌去	sah	s	a	h	SBH	當前內建
心開一歌平	sa	s	a		SBK	當前內建
心開一登入	sok	s	o	k	SDS	當前內建
心開一登去	songh	s	o	ngh	SDG	當前內建
心開一登平	song	s	o	ng	SDD	當前內建
心開一覃上	somq	s	o	mq	SDV	當前內建
心開一覃入	sop	s	o	p	SDX	當前內建
心開一覃去	somh	s	o	mh	SDB	當前內建
心開一覃平	som	s	o	m	SDC	當前內建
心開一談入	sap	s	a	p	SBX	當前內建
心開一談去	samh	s	a	mh	SBB	當前內建
心開一談平	sam	s	a	m	SBC	當前內建
心開一豪上	soawq	s	oa	wq	SBM	當前內建
心開一豪去	soawh	s	oa	wh	SBN	當前內建
心開一豪平	soaw	s	oa	w	SBL	當前內建
心開三之上	svq	s	v	q	SNJ	當前內建
心開三之去	svh	s	v	h	SNH	當前內建
心開三之平	sv	s	v		SNK	當前內建
心開三仙上	sienq	s	ie	nq	SUR	當前內建
心開三仙入	siet	s	ie	t	SUW	當前內建
心開三仙去	sienh	s	ie	nh	SUT	當前內建
心開三仙平	sien	s	ie	n	SUE	當前內建
心開三侵上	simq	s	i	mq	SJV	當前內建
心開三侵入	sip	s	i	p	SJX	當前內建
心開三侵平	sim	s	i	m	SJC	當前內建
心開三宵上	siewq	s	ie	wq	SUM	當前內建
心開三宵去	siewh	s	ie	wh	SUN	當前內建
心開三宵平	siew	s	ie	w	SUL	當前內建
心開三支上	sieq	s	ie	q	SUJ	當前內建
心開三支去	sieh	s	ie	h	SUH	當前內建
心開三支平	sie	s	ie		SUK	當前內建
心開三清上	siaengq	s	iae	ngq	SOF	當前內建
心開三清入	siaek	s	iae	k	SOS	當前內建
心開三清去	siaengh	s	iae	ngh	SOG	當前內建
心開三真入	sit	s	i	t	SJW	當前內建
心開三真去	sinh	s	i	nh	SJT	當前內建
心開三真平	sin	s	i	n	SJE	當前內建
心開三脂上	siq	s	i	iq	SJU	當前內建
心開三脂去	sih	s	i	ih	SJY	當前內建
心開三脂平	si	s	i	i	SJI	當前內建
心開三蒸入	svk	s	v	k	SNS	當前內建
心開三陽上	svangq	s	va	ngq	SJF	當前內建
心開三陽入	svak	s	va	k	SJS	當前內建
心開三陽去	svangh	s	va	ngh	SJG	當前內建
心開三陽平	svang	s	va	ng	SJD	當前內建
心開三魚上	svoq	s	vo	q	SIJ	當前內建
心開三魚去	svoh	s	vo	h	SIH	當前內建
心開三魚平	svo	s	vo		SIK	當前內建
心開三鹽平	siem	s	ie	m	SUC	當前內建
心開三麻上	siaeq	s	iae	q	SOJ	當前內建
心開三麻去	siaeh	s	iae	h	SOH	當前內建
心開三麻平	siae	s	iae		SOK	當前內建
心開四先上	senq	s	e	nq	SER	當前內建
心開四先入	set	s	e	t	SEW	當前內建
心開四先去	senh	s	e	nh	SET	當前內建
心開四先平	sen	s	e	n	SEE	當前內建
心開四添入	sep	s	e	p	SEX	當前內建
心開四添去	semh	s	e	mh	SEB	當前內建
心開四蕭上	sewq	s	e	wq	SEM	當前內建
心開四蕭去	sewh	s	e	wh	SEN	當前內建
心開四蕭平	sew	s	e	w	SEL	當前內建
心開四青上	sengq	s	e	ngq	SEF	當前內建
心開四青入	sek	s	e	k	SES	當前內建
心開四青去	sengh	s	e	ngh	SEG	當前內建
心開四青平	seng	s	e	ng	SED	當前內建
心開四齊上	seiq	s	e	iq	SEU	當前內建
心開四齊去	seih	s	e	ih	SEY	當前內建
心開四齊平	sei	s	e	i	SEI	當前內建
日三尤上	njuq	n	ju	q	NLJ	當前內建
日三尤去	njuh	n	ju	h	NLH	當前內建
日三尤平	nju	n	ju		NLK	當前內建
日三東入	njuk	n	ju	k	NLS	當前內建
日三東平	njung	n	ju	ng	NLD	當前內建
日三鍾上	nyongq	n	yo	ngq	NIF	當前內建
日三鍾入	nyok	n	yo	k	NIS	當前內建
日三鍾去	nyongh	n	yo	ngh	NIG	當前內建
日三鍾平	nyong	n	yo	ng	NID	當前內建
日合三仙上	nyenq	n	ye	nq	NMR	當前內建
日合三仙入	nyet	n	ye	t	NMW	當前內建
日合三仙去	nyenh	n	ye	nh	NMT	當前內建
日合三仙平	nyen	n	ye	n	NME	當前內建
日合三支上	nyeq	n	ye	q	NMJ	當前內建
日合三支去	nyeh	n	ye	h	NMH	當前內建
日合三支平	nye	n	ye		NMK	當前內建
日合三真上	nyinq	n	yi	nq	NGR	當前內建
日合三真去	nyinh	n	yi	nh	NGT	當前內建
日合三真平	nyin	n	yi	n	NGE	當前內建
日合三祭去	nyeih	n	ye	ih	NMY	當前內建
日合三脂上	nyiq	n	yi	iq	NGU	當前內建
日合三脂平	nyi	n	yi	i	NGI	當前內建
日合三虞上	nyoq	n	yo	q	NIJ	當前內建
日合三虞去	nyoh	n	yo	h	NIH	當前內建
日合三虞平	nyo	n	yo		NIK	當前內建
日開三之上	njvq	n	jv	q	NKJ	當前內建
日開三之去	njvh	n	jv	h	NKH	當前內建
日開三之平	njv	n	jv		NKK	當前內建
日開三仙上	njenq	n	je	nq	NUR	當前內建
日開三仙入	njet	n	je	t	NUW	當前內建
日開三仙平	njen	n	je	n	NUE	當前內建
日開三侵上	njimq	n	ji	mq	NIV	當前內建
日開三侵入	njip	n	ji	p	NIX	當前內建
日開三侵去	njimh	n	ji	mh	NIB	當前內建
日開三侵平	njim	n	ji	m	NIC	當前內建
日開三宵上	njewq	n	je	wq	NUM	當前內建
日開三宵去	njewh	n	je	wh	NUN	當前內建
日開三宵平	njew	n	je	w	NUL	當前內建
日開三支上	njeq	n	je	q	NUJ	當前內建
日開三支平	nje	n	je		NUK	當前內建
日開三真上	njinq	n	ji	nq	NIR	當前內建
日開三真入	njit	n	ji	t	NIW	當前內建
日開三真去	njinh	n	ji	nh	NIT	當前內建
日開三真平	njin	n	ji	n	NIE	當前內建
日開三祭平	njei	n	je	i	NUI	當前內建
日開三脂去	njih	n	ji	ih	NIY	當前內建
日開三蒸去	njvngh	n	jv	ngh	NKG	當前內建
日開三蒸平	njvng	n	jv	ng	NKD	當前內建
日開三陽上	njangq	n	ja	ngq	NFF	當前內建
日開三陽入	njak	n	ja	k	NFS	當前內建
日開三陽去	njangh	n	ja	ngh	NFG	當前內建
日開三陽平	njang	n	ja	ng	NFD	當前內建
日開三魚上	njoq	n	jo	q	NWJ	當前內建
日開三魚去	njoh	n	jo	h	NWH	當前內建
日開三魚平	njo	n	jo		NWK	當前內建
日開三鹽上	njemq	n	je	mq	NUV	當前內建
日開三鹽入	njep	n	je	p	NUX	當前內建
日開三鹽去	njemh	n	je	mh	NUB	當前內建
日開三鹽平	njem	n	je	m	NUC	當前內建
日開三麻上	njaeq	n	jae	q	NNJ	當前內建
日開三麻平	njae	n	jae		NNK	當前內建
昌三尤上	thjuq	th	ju	q	YLJ	當前內建
昌三尤去	thjuh	th	ju	h	YLH	當前內建
昌三尤平	thju	th	ju		YLK	當前內建
昌三東入	thjuk	th	ju	k	YLS	當前內建
昌三東去	thjungh	th	ju	ngh	YLG	當前內建
昌三東平	thjung	th	ju	ng	YLD	當前內建
昌三鍾上	thyongq	th	yo	ngq	YIF	當前內建
昌三鍾入	thyok	th	yo	k	YIS	當前內建
昌三鍾平	thyong	th	yo	ng	YID	當前內建
昌合三仙上	thyenq	th	ye	nq	YMR	當前內建
昌合三仙入	thyet	th	ye	t	YMW	當前內建
昌合三仙去	thyenh	th	ye	nh	YMT	當前內建
昌合三仙平	thyen	th	ye	n	YME	當前內建
昌合三支去	thyeh	th	ye	h	YMH	當前內建
昌合三支平	thye	th	ye		YMK	當前內建
昌合三真上	thyinq	th	yi	nq	YGR	當前內建
昌合三真入	thyit	th	yi	t	YGW	當前內建
昌合三真平	thyin	th	yi	n	YGE	當前內建
昌合三脂去	thyih	th	yi	ih	YGY	當前內建
昌合三脂平	thyi	th	yi	i	YGI	當前內建
昌合三虞平	thyo	th	yo		YIK	當前內建
昌開三之上	thjvq	th	jv	q	YKJ	當前內建
昌開三之去	thjvh	th	jv	h	YKH	當前內建
昌開三之平	thjv	th	jv		YKK	當前內建
昌開三仙上	thjenq	th	je	nq	YUR	當前內建
昌開三仙入	thjet	th	je	t	YUW	當前內建
昌開三仙去	thjenh	th	je	nh	YUT	當前內建
昌開三仙平	thjen	th	je	n	YUE	當前內建
昌開三侵上	thjimq	th	ji	mq	YIV	當前內建
昌開三侵入	thjip	th	ji	p	YIX	當前內建
昌開三侵平	thjim	th	ji	m	YIC	當前內建
昌開三宵上	thjewq	th	je	wq	YUM	當前內建
昌開三宵平	thjew	th	je	w	YUL	當前內建
昌開三廢上	thjoiq	th	jo	iq	YWU	當前內建
昌開三支上	thjeq	th	je	q	YUJ	當前內建
昌開三支去	thjeh	th	je	h	YUH	當前內建
昌開三支平	thje	th	je		YUK	當前內建
昌開三清入	thjaek	th	jae	k	YNS	當前內建
昌開三真入	thjit	th	ji	t	YIW	當前內建
昌開三真平	thjin	th	ji	n	YIE	當前內建
昌開三祭去	thjeih	th	je	ih	YUY	當前內建
昌開三脂去	thjih	th	ji	ih	YIY	當前內建
昌開三脂平	thji	th	ji	i	YII	當前內建
昌開三蒸入	thjvk	th	jv	k	YKS	當前內建
昌開三蒸去	thjvngh	th	jv	ngh	YKG	當前內建
昌開三蒸平	thjvng	th	jv	ng	YKD	當前內建
昌開三陽上	thjangq	th	ja	ngq	YFF	當前內建
昌開三陽入	thjak	th	ja	k	YFS	當前內建
昌開三陽去	thjangh	th	ja	ngh	YFG	當前內建
昌開三陽平	thjang	th	ja	ng	YFD	當前內建
昌開三魚上	thjoq	th	jo	q	YWJ	當前內建
昌開三魚去	thjoh	th	jo	h	YWH	當前內建
昌開三鹽入	thjep	th	je	p	YUX	當前內建
昌開三鹽去	thjemh	th	je	mh	YUB	當前內建
昌開三鹽平	thjem	th	je	m	YUC	當前內建
昌開三麻上	thjaeq	th	jae	q	YNJ	當前內建
昌開三麻去	thjaeh	th	jae	h	YNH	當前內建
昌開三麻平	thjae	th	jae		YNK	當前內建
明一侯上	mwuq	m	wu	q	MGJ	當前內建
明一侯去	mwuh	m	wu	h	MGH	當前內建
明一侯平	mwu	m	wu		MGK	當前內建
明一冬上	mowngq	m	ow	ngq	MWF	當前內建
明一冬入	mowk	m	ow	k	MWS	當前內建
明一冬去	mowngh	m	ow	ngh	MWG	當前內建
明一唐上	mangq	m	a	ngq	MBF	當前內建
明一唐入	mak	m	a	k	MBS	當前內建
明一唐去	mangh	m	a	ngh	MBG	當前內建
明一唐平	mang	m	a	ng	MBD	當前內建
明一寒上	manq	m	a	nq	MBR	當前內建
明一寒入	mat	m	a	t	MBW	當前內建
明一寒去	manh	m	a	nh	MBT	當前內建
明一寒平	man	m	a	n	MBE	當前內建
明一東上	mwungq	m	wu	ngq	MGF	當前內建
明一東入	mwuk	m	wu	k	MGS	當前內建
明一東去	mwungh	m	wu	ngh	MGG	當前內建
明一東平	mwung	m	wu	ng	MGD	當前內建
明一模上	moq	m	o	q	MDJ	當前內建
明一模去	moh	m	o	h	MDH	當前內建
明一模平	mo	m	o		MDK	當前內建
明一歌上	maq	m	a	q	MBJ	當前內建
明一歌去	mah	m	a	h	MBH	當前內建
明一歌平	ma	m	a		MBK	當前內建
明一泰去	maih	m	a	ih	MBY	當前內建
明一灰上	moiq	m	o	iq	MDU	當前內建
明一灰去	moih	m	o	ih	MDY	當前內建
明一灰平	moi	m	o	i	MDI	當前內建
明一登入	mok	m	o	k	MDS	當前內建
明一登去	mongh	m	o	ngh	MDG	當前內建
明一登平	mong	m	o	ng	MDD	當前內建
明一談上	mamq	m	a	mq	MBV	當前內建
明一談平	mam	m	a	m	MBC	當前內建
明一豪上	moawq	m	oa	wq	MBM	當前內建
明一豪去	moawh	m	oa	wh	MBN	當前內建
明一豪平	moaw	m	oa	w	MBL	當前內建
明一魂上	monq	m	o	nq	MDR	當前內建
明一魂入	mot	m	o	t	MDW	當前內建
明一魂去	monh	m	o	nh	MDT	當前內建
明一魂平	mon	m	o	n	MDE	當前內建
明三A仙上	mienq	m	ie	nq	MUR	當前內建
明三A仙入	miet	m	ie	t	MUW	當前內建
明三A仙去	mienh	m	ie	nh	MUT	當前內建
明三A仙平	mien	m	ie	n	MUE	當前內建
明三A宵上	miewq	m	ie	wq	MUM	當前內建
明三A宵去	miewh	m	ie	wh	MUN	當前內建
明三A宵平	miew	m	ie	w	MUL	當前內建
明三A支上	mieq	m	ie	q	MUJ	當前內建
明三A支平	mie	m	ie		MUK	當前內建
明三A清上	miaengq	m	iae	ngq	MOF	當前內建
明三A清去	miaengh	m	iae	ngh	MOG	當前內建
明三A清平	miaeng	m	iae	ng	MOD	當前內建
明三A真上	minq	m	i	nq	MJR	當前內建
明三A真入	mit	m	i	t	MJW	當前內建
明三A真平	min	m	i	n	MJE	當前內建
明三A祭去	mieih	m	ie	ih	MUY	當前內建
明三A脂去	mih	m	i	ih	MJY	當前內建
明三A麻上	miaeq	m	iae	q	MOJ	當前內建
明三B仙上	mrienq	m	rie	nq	MQR	當前內建
明三B宵去	mvewh	m	ve	wh	MRN	當前內建
明三B宵平	mvew	m	ve	w	MRL	當前內建
明三B幽去	mriwh	m	ri	wh	MSN	當前內建
明三B幽平	mriw	m	ri	w	MSL	當前內建
明三B庚上	mriaengq	m	riae	ngq	MUF	當前內建
明三B庚去	mriaengh	m	riae	ngh	MUG	當前內建
明三B庚平	mriaeng	m	riae	ng	MUD	當前內建
明三B支上	mveq	m	ve	q	MRJ	當前內建
明三B支平	mve	m	ve		MRK	當前內建
明三B真上	mrinq	m	ri	nq	MSR	當前內建
明三B真入	mrit	m	ri	t	MSW	當前內建
明三B真平	mrin	m	ri	n	MSE	當前內建
明三B脂上	mriq	m	ri	iq	MSU	當前內建
明三B脂去	mrih	m	ri	ih	MSY	當前內建
明三B脂平	mri	m	ri	i	MSI	當前內建
明三B蒸入	mrik	m	ri	k	MSS	當前內建
明三C元上	muonq	m	uo	nq	MKR	當前內建
明三C元入	muot	m	uo	t	MKW	當前內建
明三C元去	muonh	m	uo	nh	MKT	當前內建
明三C元平	muon	m	uo	n	MKE	當前內建
明三C凡上	muomq	m	uo	mq	MKV	當前內建
明三C凡去	muomh	m	uo	mh	MKB	當前內建
明三C尤去	muh	m	u	h	MLH	當前內建
明三C尤平	mu	m	u		MLK	當前內建
明三C微上	muiq	m	u	iq	MLU	當前內建
明三C微去	muih	m	u	ih	MLY	當前內建
明三C微平	mui	m	u	i	MLI	當前內建
明三C文上	munq	m	u	nq	MLR	當前內建
明三C文入	mut	m	u	t	MLW	當前內建
明三C文去	munh	m	u	nh	MLT	當前內建
明三C文平	mun	m	u	n	MLE	當前內建
明三C東入	muk	m	u	k	MLS	當前內建
明三C東去	mungh	m	u	ngh	MLG	當前內建
明三C東平	mung	m	u	ng	MLD	當前內建
明三C虞上	muoq	m	uo	q	MKJ	當前內建
明三C虞去	muoh	m	uo	h	MKH	當前內建
明三C虞平	muo	m	uo		MKK	當前內建
明三C陽上	muangq	m	ua	ngq	MQF	當前內建
明三C陽去	muangh	m	ua	ngh	MQG	當前內建
明三C陽平	muang	m	ua	ng	MQD	當前內建
明二佳上	mreq	m	re	q	MCJ	當前內建
明二佳去	mreh	m	re	h	MCH	當前內建
明二佳平	mre	m	re		MCK	當前內建
明二刪上	mraenq	m	rae	nq	MAR	當前內建
明二刪入	mraet	m	rae	t	MAW	當前內建
明二刪去	mraenh	m	rae	nh	MAT	當前內建
明二刪平	mraen	m	rae	n	MAE	當前內建
明二夬去	mraeih	m	rae	ih	MAY	當前內建
明二山上	mrenq	m	re	nq	MCR	當前內建
明二山入	mret	m	re	t	MCW	當前內建
明二山去	mrenh	m	re	nh	MCT	當前內建
明二庚上	mraengq	m	rae	ngq	MAF	當前內建
明二庚入	mraek	m	rae	k	MAS	當前內建
明二庚去	mraengh	m	rae	ngh	MAG	當前內建
明二庚平	mraeng	m	rae	ng	MAD	當前內建
明二江上	mrongq	m	ro	ngq	MRF	當前內建
明二江入	mrok	m	ro	k	MRS	當前內建
明二江平	mrong	m	ro	ng	MRD	當前內建
明二皆去	mreih	m	re	ih	MCY	當前內建
明二皆平	mrei	m	re	i	MCI	當前內建
明二耕上	mrengq	m	re	ngq	MCF	當前內建
明二耕入	mrek	m	re	k	MCS	當前內建
明二耕平	mreng	m	re	ng	MCD	當前內建
明二肴上	mraewq	m	rae	wq	MAM	當前內建
明二肴去	mraewh	m	rae	wh	MAN	當前內建
明二肴平	mraew	m	rae	w	MAL	當前內建
明二麻上	mraeq	m	rae	q	MAJ	當前內建
明二麻去	mraeh	m	rae	h	MAH	當前內建
明二麻平	mrae	m	rae		MAK	當前內建
明四先上	menq	m	e	nq	MER	當前內建
明四先入	met	m	e	t	MEW	當前內建
明四先去	menh	m	e	nh	MET	當前內建
明四先平	men	m	e	n	MEE	當前內建
明四添上	memq	m	e	mq	MEV	當前內建
明四青上	mengq	m	e	ngq	MEF	當前內建
明四青入	mek	m	e	k	MES	當前內建
明四青去	mengh	m	e	ngh	MEG	當前內建
明四青平	meng	m	e	ng	MED	當前內建
明四齊上	meiq	m	e	iq	MEU	當前內建
明四齊去	meih	m	e	ih	MEY	當前內建
明四齊平	mei	m	e	i	MEI	當前內建
曉一侯上	hwuq	h	wu	q	HGJ	當前內建
曉一侯去	hwuh	h	wu	h	HGH	當前內建
曉一侯平	hwu	h	wu		HGK	當前內建
曉一冬入	howk	h	ow	k	HWS	當前內建
曉一東上	hwungq	h	wu	ngq	HGF	當前內建
曉一東入	hwuk	h	wu	k	HGS	當前內建
曉一東去	hwungh	h	wu	ngh	HGG	當前內建
曉一東平	hwung	h	wu	ng	HGD	當前內建
曉一模上	hoq	h	o	q	HDJ	當前內建
曉一模去	hoh	h	o	h	HDH	當前內建
曉一模平	ho	h	o		HDK	當前內建
曉三C尤上	huq	h	u	q	HLJ	當前內建
曉三C尤去	huh	h	u	h	HLH	當前內建
曉三C尤平	hu	h	u		HLK	當前內建
曉三C東入	huk	h	u	k	HLS	當前內建
曉三C東去	hungh	h	u	ngh	HLG	當前內建
曉三C鍾上	huongq	h	uo	ngq	HKF	當前內建
曉三C鍾入	huok	h	uo	k	HKS	當前內建
曉三C鍾平	huong	h	uo	ng	HKD	當前內建
曉二江上	hrongq	h	ro	ngq	HRF	當前內建
曉二江入	hrok	h	ro	k	HRS	當前內建
曉二江平	hrong	h	ro	ng	HRD	當前內建
曉合一唐上	hwangq	h	wa	ngq	HFF	當前內建
曉合一唐入	hwak	h	wa	k	HFS	當前內建
曉合一唐去	hwangh	h	wa	ngh	HFG	當前內建
曉合一唐平	hwang	h	wa	ng	HFD	當前內建
曉合一寒入	hwat	h	wa	t	HFW	當前內建
曉合一寒去	hwanh	h	wa	nh	HFT	當前內建
曉合一寒平	hwan	h	wa	n	HFE	當前內建
曉合一歌上	hwaq	h	wa	q	HFJ	當前內建
曉合一歌去	hwah	h	wa	h	HFH	當前內建
曉合一泰去	hwaih	h	wa	ih	HFY	當前內建
曉合一灰上	hwoiq	h	wo	iq	HOU	當前內建
曉合一灰去	hwoih	h	wo	ih	HOY	當前內建
曉合一灰平	hwoi	h	wo	i	HOI	當前內建
曉合一登入	hwok	h	wo	k	HOS	當前內建
曉合一登平	hwong	h	wo	ng	HOD	當前內建
曉合一魂上	hwonq	h	wo	nq	HOR	當前內建
曉合一魂入	hwot	h	wo	t	HOW	當前內建
曉合一魂去	hwonh	h	wo	nh	HOT	當前內建
曉合一魂平	hwon	h	wo	n	HOE	當前內建
曉合三A仙上	xyenq	x	ye	nq	HMR	當前內建
曉合三A仙入	xyet	x	ye	t	HMW	當前內建
曉合三A仙平	xyen	x	ye	n	HME	當前內建
曉合三A支去	xyeh	x	ye	h	HMH	當前內建
曉合三A支平	xye	x	ye		HMK	當前內建
曉合三A清入	xyaek	x	yae	k	HMS	當前內建
曉合三A清去	xyaengh	x	yae	ngh	HMG	當前內建
曉合三A清平	xyaeng	x	yae	ng	HMD	當前內建
曉合三A真入	xyit	x	yi	t	HGW	當前內建
曉合三A脂上	xyiq	x	yi	iq	HGU	當前內建
曉合三A脂去	xyih	x	yi	ih	HGY	當前內建
曉合三A脂平	xyi	x	yi	i	HGI	當前內建
曉合三B庚上	hryaengq	h	ryae	ngq	HDF	當前內建
曉合三B庚平	hryaeng	h	ryae	ng	HDD	當前內建
曉合三B支上	hueq	h	ue	q	HEJ	當前內建
曉合三B支去	hueh	h	ue	h	HEH	當前內建
曉合三B支平	hue	h	ue		HEK	當前內建
曉合三B脂去	hryih	h	ryi	ih	HTY	當前內建
曉合三B蒸入	hryik	h	ryi	k	HTS	當前內建
曉合三C元上	huonq	h	uo	nq	HKR	當前內建
曉合三C元入	huot	h	uo	t	HKW	當前內建
曉合三C元去	huonh	h	uo	nh	HKT	當前內建
曉合三C元平	huon	h	uo	n	HKE	當前內建
曉合三C廢去	huoih	h	uo	ih	HKY	當前內建
曉合三C微上	huiq	h	u	iq	HLU	當前內建
曉合三C微去	huih	h	u	ih	HLY	當前內建
曉合三C微平	hui	h	u	i	HLI	當前內建
曉合三C文入	hut	h	u	t	HLW	當前內建
曉合三C文去	hunh	h	u	nh	HLT	當前內建
曉合三C文平	hun	h	u	n	HLE	當前內建
曉合三C歌平	hua	h	ua		HQK	當前內建
曉合三C虞上	huoq	h	uo	q	HKJ	當前內建
曉合三C虞去	huoh	h	uo	h	HKH	當前內建
曉合三C虞平	huo	h	uo		HKK	當前內建
曉合三C陽上	huangq	h	ua	ngq	HQF	當前內建
曉合三C陽入	huak	h	ua	k	HQS	當前內建
曉合三C陽去	huangh	h	ua	ngh	HQG	當前內建
曉合二佳去	hrweh	h	rwe	h	HPH	當前內建
曉合二佳平	hrwe	h	rwe		HPK	當前內建
曉合二夬去	hrwaeih	h	rwae	ih	HHY	當前內建
曉合二山入	hrwet	h	rwe	t	HPW	當前內建
曉合二庚入	hrwaek	h	rwae	k	HHS	當前內建
曉合二庚平	hrwaeng	h	rwae	ng	HHD	當前內建
曉合二皆去	hrweih	h	rwe	ih	HPY	當前內建
曉合二皆平	hrwei	h	rwe	i	HPI	當前內建
曉合二耕入	hrwek	h	rwe	k	HPS	當前內建
曉合二耕去	hrwengh	h	rwe	ngh	HPG	當前內建
曉合二耕平	hrweng	h	rwe	ng	HPD	當前內建
曉合二麻去	hrwaeh	h	rwae	h	HHH	當前內建
曉合二麻平	hrwae	h	rwae		HHK	當前內建
曉合四先入	hwet	h	we	t	HVW	當前內建
曉合四先去	hwenh	h	we	nh	HVT	當前內建
曉合四先平	hwen	h	we	n	HVE	當前內建
曉合四青上	hwengq	h	we	ngq	HVF	當前內建
曉合四青入	hwek	h	we	k	HVS	當前內建
曉合四齊去	hweih	h	we	ih	HVY	當前內建
曉合四齊平	hwei	h	we	i	HVI	當前內建
曉開一咍上	hoiq	h	o	iq	HDU	當前內建
曉開一咍去	hoih	h	o	ih	HDY	當前內建
曉開一咍平	hoi	h	o	i	HDI	當前內建
曉開一唐上	hangq	h	a	ngq	HBF	當前內建
曉開一唐入	hak	h	a	k	HBS	當前內建
曉開一唐平	hang	h	a	ng	HBD	當前內建
曉開一寒上	hanq	h	a	nq	HBR	當前內建
曉開一寒入	hat	h	a	t	HBW	當前內建
曉開一寒去	hanh	h	a	nh	HBT	當前內建
曉開一寒平	han	h	a	n	HBE	當前內建
曉開一歌上	haq	h	a	q	HBJ	當前內建
曉開一歌去	hah	h	a	h	HBH	當前內建
曉開一歌平	ha	h	a		HBK	當前內建
曉開一泰去	haih	h	a	ih	HBY	當前內建
曉開一登入	hok	h	o	k	HDS	當前內建
曉開一覃上	homq	h	o	mq	HDV	當前內建
曉開一覃入	hop	h	o	p	HDX	當前內建
曉開一覃去	homh	h	o	mh	HDB	當前內建
曉開一覃平	hom	h	o	m	HDC	當前內建
曉開一談上	hamq	h	a	mq	HBV	當前內建
曉開一談入	hap	h	a	p	HBX	當前內建
曉開一談去	hamh	h	a	mh	HBB	當前內建
曉開一談平	ham	h	a	m	HBC	當前內建
曉開一豪上	hoawq	h	oa	wq	HBM	當前內建
曉開一豪去	hoawh	h	oa	wh	HBN	當前內建
曉開一豪平	hoaw	h	oa	w	HBL	當前內建
曉開三A幽平	hiw	h	i	w	HJL	當前內建
曉開三A支平	hie	h	ie		HUK	當前內建
曉開三A清去	hiaengh	h	iae	ngh	HOG	當前內建
曉開三A真入	hit	h	i	t	HJW	當前內建
曉開三A脂平	hi	h	i	i	HJI	當前內建
曉開三B仙入	hriet	h	rie	t	HQW	當前內建
曉開三B仙平	hrien	h	rie	n	HQE	當前內建
曉開三B侵上	hvmq	h	v	mq	HNV	當前內建
曉開三B侵入	hvp	h	v	p	HNX	當前內建
曉開三B侵平	hvm	h	v	m	HNC	當前內建
曉開三B宵平	hvew	h	ve	w	HRL	當前內建
曉開三B幽平	hriw	h	ri	w	HSL	當前內建
曉開三B庚入	hriaek	h	riae	k	HUS	當前內建
曉開三B支上	hveq	h	ve	q	HRJ	當前內建
曉開三B支去	hveh	h	ve	h	HRH	當前內建
曉開三B支平	hve	h	ve		HRK	當前內建
曉開三B真上	hrinq	h	ri	nq	HSR	當前內建
曉開三B真入	hrit	h	ri	t	HSW	當前內建
曉開三B真去	hrinh	h	ri	nh	HST	當前內建
曉開三B脂去	hrih	h	ri	ih	HSY	當前內建
曉開三B鹽上	hriemq	h	rie	mq	HQV	當前內建
曉開三C之上	hvq	h	v	q	HNJ	當前內建
曉開三C之去	hvh	h	v	h	HNH	當前內建
曉開三C之平	hv	h	v		HNK	當前內建
曉開三C元上	hvonq	h	vo	nq	HIR	當前內建
曉開三C元入	hvot	h	vo	t	HIW	當前內建
曉開三C元去	hvonh	h	vo	nh	HIT	當前內建
曉開三C元平	hvon	h	vo	n	HIE	當前內建
曉開三C嚴入	hvop	h	vo	p	HIX	當前內建
曉開三C嚴去	hvomh	h	vo	mh	HIB	當前內建
曉開三C嚴平	hvom	h	vo	m	HIC	當前內建
曉開三C微上	hviq	h	v	iq	HNU	當前內建
曉開三C微去	hvih	h	v	ih	HNY	當前內建
曉開三C微平	hvi	h	v	i	HNI	當前內建
曉開三C殷上	hvnq	h	v	nq	HNR	當前內建
曉開三C殷入	hvt	h	v	t	HNW	當前內建
曉開三C殷去	hvnh	h	v	nh	HNT	當前內建
曉開三C殷平	hvn	h	v	n	HNE	當前內建
曉開三C蒸入	hvk	h	v	k	HNS	當前內建
曉開三C蒸去	hvngh	h	v	ngh	HNG	當前內建
曉開三C蒸平	hvng	h	v	ng	HND	當前內建
曉開三C陽上	hvangq	h	va	ngq	HJF	當前內建
曉開三C陽入	hvak	h	va	k	HJS	當前內建
曉開三C陽去	hvangh	h	va	ngh	HJG	當前內建
曉開三C陽平	hvang	h	va	ng	HJD	當前內建
曉開三C魚上	hvoq	h	vo	q	HIJ	當前內建
曉開三C魚去	hvoh	h	vo	h	HIH	當前內建
曉開三C魚平	hvo	h	vo		HIK	當前內建
曉開二佳去	hreh	h	re	h	HCH	當前內建
曉開二佳平	hre	h	re		HCK	當前內建
曉開二刪入	hraet	h	rae	t	HAW	當前內建
曉開二咸上	hremq	h	re	mq	HCV	當前內建
曉開二咸入	hrep	h	re	p	HCX	當前內建
曉開二咸平	hrem	h	re	m	HCC	當前內建
曉開二夬去	hraeih	h	rae	ih	HAY	當前內建
曉開二山平	hren	h	re	n	HCE	當前內建
曉開二庚入	hraek	h	rae	k	HAS	當前內建
曉開二庚去	hraengh	h	rae	ngh	HAG	當前內建
曉開二庚平	hraeng	h	rae	ng	HAD	當前內建
曉開二皆去	hreih	h	re	ih	HCY	當前內建
曉開二皆平	hrei	h	re	i	HCI	當前內建
曉開二肴去	hraewh	h	rae	wh	HAN	當前內建
曉開二肴平	hraew	h	rae	w	HAL	當前內建
曉開二銜上	hraemq	h	rae	mq	HAV	當前內建
曉開二銜入	hraep	h	rae	p	HAX	當前內建
曉開二銜去	hraemh	h	rae	mh	HAB	當前內建
曉開二麻上	hraeq	h	rae	q	HAJ	當前內建
曉開二麻去	hraeh	h	rae	h	HAH	當前內建
曉開二麻平	hrae	h	rae		HAK	當前內建
曉開四先上	henq	h	e	nq	HER	當前內建
曉開四先入	het	h	e	t	HEW	當前內建
曉開四先去	henh	h	e	nh	HET	當前內建
曉開四先平	hen	h	e	n	HEE	當前內建
曉開四添入	hep	h	e	p	HEX	當前內建
曉開四添平	hem	h	e	m	HEC	當前內建
曉開四蕭上	hewq	h	e	wq	HEM	當前內建
曉開四蕭去	hewh	h	e	wh	HEN	當前內建
曉開四蕭平	hew	h	e	w	HEL	當前內建
曉開四青入	hek	h	e	k	HES	當前內建
曉開四青平	heng	h	e	ng	HED	當前內建
曉開四齊去	heih	h	e	ih	HEY	當前內建
曉開四齊平	hei	h	e	i	HEI	當前內建
書三尤上	hjuq	hj	ju	q	VLJ	當前內建
書三尤去	hjuh	hj	ju	h	VLH	當前內建
書三尤平	hju	hj	ju		VLK	當前內建
書三東入	hjuk	hj	ju	k	VLS	當前內建
書三鍾入	hyok	hy	yo	k	VIS	當前內建
書三鍾平	hyong	hy	yo	ng	VID	當前內建
書合三仙入	hyet	hy	ye	t	VMW	當前內建
書合三真上	hyinq	hy	yi	nq	VGR	當前內建
書合三真去	hyinh	hy	yi	nh	VGT	當前內建
書合三祭去	hyeih	hy	ye	ih	VMY	當前內建
書合三脂上	hyiq	hy	yi	iq	VGU	當前內建
書合三脂去	hyih	hy	yi	ih	VGY	當前內建
書合三虞去	hyoh	hy	yo	h	VIH	當前內建
書合三虞平	hyo	hy	yo		VIK	當前內建
書開三之上	hjvq	hj	jv	q	VKJ	當前內建
書開三之去	hjvh	hj	jv	h	VKH	當前內建
書開三之平	hjv	hj	jv		VKK	當前內建
書開三仙上	hjenq	hj	je	nq	VUR	當前內建
書開三仙入	hjet	hj	je	t	VUW	當前內建
書開三仙去	hjenh	hj	je	nh	VUT	當前內建
書開三仙平	hjen	hj	je	n	VUE	當前內建
書開三侵上	hjimq	hj	ji	mq	VIV	當前內建
書開三侵入	hjip	hj	ji	p	VIX	當前內建
書開三侵去	hjimh	hj	ji	mh	VIB	當前內建
書開三侵平	hjim	hj	ji	m	VIC	當前內建
書開三宵上	hjewq	hj	je	wq	VUM	當前內建
書開三宵去	hjewh	hj	je	wh	VUN	當前內建
書開三宵平	hjew	hj	je	w	VUL	當前內建
書開三支上	hjeq	hj	je	q	VUJ	當前內建
書開三支去	hjeh	hj	je	h	VUH	當前內建
書開三支平	hje	hj	je		VUK	當前內建
書開三清入	hjaek	hj	jae	k	VNS	當前內建
書開三清去	hjaengh	hj	jae	ngh	VNG	當前內建
書開三清平	hjaeng	hj	jae	ng	VND	當前內建
書開三真上	hjinq	hj	ji	nq	VIR	當前內建
書開三真入	hjit	hj	ji	t	VIW	當前內建
書開三真去	hjinh	hj	ji	nh	VIT	當前內建
書開三真平	hjin	hj	ji	n	VIE	當前內建
書開三祭去	hjeih	hj	je	ih	VUY	當前內建
書開三脂上	hjiq	hj	ji	iq	VIU	當前內建
書開三脂去	hjih	hj	ji	ih	VIY	當前內建
書開三脂平	hji	hj	ji	i	VII	當前內建
書開三蒸入	hjvk	hj	jv	k	VKS	當前內建
書開三蒸去	hjvngh	hj	jv	ngh	VKG	當前內建
書開三蒸平	hjvng	hj	jv	ng	VKD	當前內建
書開三陽上	hjangq	hj	ja	ngq	VFF	當前內建
書開三陽入	hjak	hj	ja	k	VFS	當前內建
書開三陽去	hjangh	hj	ja	ngh	VFG	當前內建
書開三陽平	hjang	hj	ja	ng	VFD	當前內建
書開三魚上	hjoq	hj	jo	q	VWJ	當前內建
書開三魚去	hjoh	hj	jo	h	VWH	當前內建
書開三魚平	hjo	hj	jo		VWK	當前內建
書開三鹽上	hjemq	hj	je	mq	VUV	當前內建
書開三鹽入	hjep	hj	je	p	VUX	當前內建
書開三鹽去	hjemh	hj	je	mh	VUB	當前內建
書開三鹽平	hjem	hj	je	m	VUC	當前內建
書開三麻上	hjaeq	hj	jae	q	VNJ	當前內建
書開三麻去	hjaeh	hj	jae	h	VNH	當前內建
書開三麻平	hjae	hj	jae		VNK	當前內建
泥一侯上	nwuq	n	wu	q	NGJ	當前內建
泥一侯去	nwuh	n	wu	h	NGH	當前內建
泥一侯平	nwu	n	wu		NGK	當前內建
泥一冬入	nowk	n	ow	k	NWS	當前內建
泥一冬平	nowng	n	ow	ng	NWD	當前內建
泥一東上	nwungq	n	wu	ngq	NGF	當前內建
泥一東去	nwungh	n	wu	ngh	NGG	當前內建
泥一模上	noq	n	o	q	NDJ	當前內建
泥一模去	noh	n	o	h	NDH	當前內建
泥一模平	no	n	o		NDK	當前內建
泥合一寒上	nwanq	n	wa	nq	NFR	當前內建
泥合一寒去	nwanh	n	wa	nh	NFT	當前內建
泥合一寒平	nwan	n	wa	n	NFE	當前內建
泥合一歌上	nwaq	n	wa	q	NFJ	當前內建
泥合一歌去	nwah	n	wa	h	NFH	當前內建
泥合一歌平	nwa	n	wa		NFK	當前內建
泥合一灰上	nwoiq	n	wo	iq	NOU	當前內建
泥合一灰去	nwoih	n	wo	ih	NOY	當前內建
泥合一灰平	nwoi	n	wo	i	NOI	當前內建
泥合一魂上	nwonq	n	wo	nq	NOR	當前內建
泥合一魂入	nwot	n	wo	t	NOW	當前內建
泥合一魂去	nwonh	n	wo	nh	NOT	當前內建
泥合一魂平	nwon	n	wo	n	NOE	當前內建
泥開一咍上	noiq	n	o	iq	NDU	當前內建
泥開一咍去	noih	n	o	ih	NDY	當前內建
泥開一咍平	noi	n	o	i	NDI	當前內建
泥開一唐上	nangq	n	a	ngq	NBF	當前內建
泥開一唐入	nak	n	a	k	NBS	當前內建
泥開一唐去	nangh	n	a	ngh	NBG	當前內建
泥開一唐平	nang	n	a	ng	NBD	當前內建
泥開一寒上	nanq	n	a	nq	NBR	當前內建
泥開一寒入	nat	n	a	t	NBW	當前內建
泥開一寒去	nanh	n	a	nh	NBT	當前內建
泥開一寒平	nan	n	a	n	NBE	當前內建
泥開一歌上	naq	n	a	q	NBJ	當前內建
泥開一歌去	nah	n	a	h	NBH	當前內建
泥開一歌平	na	n	a		NBK	當前內建
泥開一泰去	naih	n	a	ih	NBY	當前內建
泥開一登上	nongq	n	o	ngq	NDF	當前內建
泥開一登入	nok	n	o	k	NDS	當前內建
泥開一登平	nong	n	o	ng	NDD	當前內建
泥開一覃上	nomq	n	o	mq	NDV	當前內建
泥開一覃入	nop	n	o	p	NDX	當前內建
泥開一覃去	nomh	n	o	mh	NDB	當前內建
泥開一覃平	nom	n	o	m	NDC	當前內建
泥開一談入	nap	n	a	p	NBX	當前內建
泥開一豪上	noawq	n	oa	wq	NBM	當前內建
泥開一豪去	noawh	n	oa	wh	NBN	當前內建
泥開一豪平	noaw	n	oa	w	NBL	當前內建
泥開四先上	nenq	n	e	nq	NER	當前內建
泥開四先入	net	n	e	t	NEW	當前內建
泥開四先去	nenh	n	e	nh	NET	當前內建
泥開四先平	nen	n	e	n	NEE	當前內建
泥開四添上	nemq	n	e	mq	NEV	當前內建
泥開四添入	nep	n	e	p	NEX	當前內建
泥開四添去	nemh	n	e	mh	NEB	當前內建
泥開四添平	nem	n	e	m	NEC	當前內建
泥開四蕭上	newq	n	e	wq	NEM	當前內建
泥開四蕭去	newh	n	e	wh	NEN	當前內建
泥開四青上	nengq	n	e	ngq	NEF	當前內建
泥開四青入	nek	n	e	k	NES	當前內建
泥開四青去	nengh	n	e	ngh	NEG	當前內建
泥開四青平	neng	n	e	ng	NED	當前內建
泥開四齊上	neiq	n	e	iq	NEU	當前內建
泥開四齊去	neih	n	e	ih	NEY	當前內建
泥開四齊平	nei	n	e	i	NEI	當前內建
清一侯上	tshwuq	tsh	wu	q	RGJ	當前內建
清一侯去	tshwuh	tsh	wu	h	RGH	當前內建
清一東入	tshwuk	tsh	wu	k	RGS	當前內建
清一東去	tshwungh	tsh	wu	ngh	RGG	當前內建
清一東平	tshwung	tsh	wu	ng	RGD	當前內建
清一模上	tshoq	tsh	o	q	RDJ	當前內建
清一模去	tshoh	tsh	o	h	RDH	當前內建
清一模平	tsho	tsh	o		RDK	當前內建
清三尤去	tshuh	tsh	u	h	RLH	當前內建
清三尤平	tshu	tsh	u		RLK	當前內建
清三東入	tshuk	tsh	u	k	RLS	當前內建
清三東去	tshungh	tsh	u	ngh	RLG	當前內建
清三鍾上	tshuongq	tsh	uo	ngq	RKF	當前內建
清三鍾入	tshuok	tsh	uo	k	RKS	當前內建
清三鍾平	tshuong	tsh	uo	ng	RKD	當前內建
清合一寒入	tshwat	tsh	wa	t	RFW	當前內建
清合一寒去	tshwanh	tsh	wa	nh	RFT	當前內建
清合一歌上	tshwaq	tsh	wa	q	RFJ	當前內建
清合一歌去	tshwah	tsh	wa	h	RFH	當前內建
清合一歌平	tshwa	tsh	wa		RFK	當前內建
清合一泰去	tshwaih	tsh	wa	ih	RFY	當前內建
清合一灰上	tshwoiq	tsh	wo	iq	ROU	當前內建
清合一灰去	tshwoih	tsh	wo	ih	ROY	當前內建
清合一灰平	tshwoi	tsh	wo	i	ROI	當前內建
清合一魂上	tshwonq	tsh	wo	nq	ROR	當前內建
清合一魂入	tshwot	tsh	wo	t	ROW	當前內建
清合一魂去	tshwonh	tsh	wo	nh	ROT	當前內建
清合一魂平	tshwon	tsh	wo	n	ROE	當前內建
清合三仙入	tshyet	tsh	ye	t	RMW	當前內建
清合三仙去	tshyenh	tsh	ye	nh	RMT	當前內建
清合三仙平	tshyen	tsh	ye	n	RME	當前內建
清合三真入	tshyit	tsh	yi	t	RGW	當前內建
清合三真平	tshyin	tsh	yi	n	RGE	當前內建
清合三祭去	tshyeih	tsh	ye	ih	RMY	當前內建
清合三脂上	tshyiq	tsh	yi	iq	RGU	當前內建
清合三脂去	tshyih	tsh	yi	ih	RGY	當前內建
清合三脂平	tshyi	tsh	yi	i	RGI	當前內建
清合三虞上	tshuoq	tsh	uo	q	RKJ	當前內建
清合三虞去	tshuoh	tsh	uo	h	RKH	當前內建
清合三虞平	tshuo	tsh	uo		RKK	當前內建
清開一咍上	tshoiq	tsh	o	iq	RDU	當前內建
清開一咍去	tshoih	tsh	o	ih	RDY	當前內建
清開一咍平	tshoi	tsh	o	i	RDI	當前內建
清開一唐上	tshangq	tsh	a	ngq	RBF	當前內建
清開一唐入	tshak	tsh	a	k	RBS	當前內建
清開一唐平	tshang	tsh	a	ng	RBD	當前內建
清開一寒入	tshat	tsh	a	t	RBW	當前內建
清開一寒去	tshanh	tsh	a	nh	RBT	當前內建
清開一寒平	tshan	tsh	a	n	RBE	當前內建
清開一歌上	tshaq	tsh	a	q	RBJ	當前內建
清開一歌去	tshah	tsh	a	h	RBH	當前內建
清開一歌平	tsha	tsh	a		RBK	當前內建
清開一泰去	tshaih	tsh	a	ih	RBY	當前內建
清開一登入	tshok	tsh	o	k	RDS	當前內建
清開一登去	tshongh	tsh	o	ngh	RDG	當前內建
清開一覃上	tshomq	tsh	o	mq	RDV	當前內建
清開一覃入	tshop	tsh	o	p	RDX	當前內建
清開一覃去	tshomh	tsh	o	mh	RDB	當前內建
清開一覃平	tshom	tsh	o	m	RDC	當前內建
清開一談上	tshamq	tsh	a	mq	RBV	當前內建
清開一談入	tshap	tsh	a	p	RBX	當前內建
清開一豪上	tshoawq	tsh	oa	wq	RBM	當前內建
清開一豪去	tshoawh	tsh	oa	wh	RBN	當前內建
清開一豪平	tshoaw	tsh	oa	w	RBL	當前內建
清開三之去	tshvh	tsh	v	h	RNH	當前內建
清開三仙上	tshienq	tsh	ie	nq	RUR	當前內建
清開三仙平	tshien	tsh	ie	n	RUE	當前內建
清開三侵上	tshimq	tsh	i	mq	RJV	當前內建
清開三侵入	tship	tsh	i	p	RJX	當前內建
清開三侵去	tshimh	tsh	i	mh	RJB	當前內建
清開三侵平	tshim	tsh	i	m	RJC	當前內建
清開三宵上	tshiewq	tsh	ie	wq	RUM	當前內建
清開三宵去	tshiewh	tsh	ie	wh	RUN	當前內建
清開三宵平	tshiew	tsh	ie	w	RUL	當前內建
清開三支上	tshieq	tsh	ie	q	RUJ	當前內建
清開三支去	tshieh	tsh	ie	h	RUH	當前內建
清開三支平	tshie	tsh	ie		RUK	當前內建
清開三清上	tshiaengq	tsh	iae	ngq	ROF	當前內建
清開三清入	tshiaek	tsh	iae	k	ROS	當前內建
清開三清去	tshiaengh	tsh	iae	ngh	ROG	當前內建
清開三清平	tshiaeng	tsh	iae	ng	ROD	當前內建
清開三真入	tshit	tsh	i	t	RJW	當前內建
清開三真去	tshinh	tsh	i	nh	RJT	當前內建
清開三真平	tshin	tsh	i	n	RJE	當前內建
清開三脂去	tshih	tsh	i	ih	RJY	當前內建
清開三脂平	tshi	tsh	i	i	RJI	當前內建
清開三陽上	tshvangq	tsh	va	ngq	RJF	當前內建
清開三陽入	tshvak	tsh	va	k	RJS	當前內建
清開三陽去	tshvangh	tsh	va	ngh	RJG	當前內建
清開三陽平	tshvang	tsh	va	ng	RJD	當前內建
清開三魚上	tshvoq	tsh	vo	q	RIJ	當前內建
清開三魚去	tshvoh	tsh	vo	h	RIH	當前內建
清開三魚平	tshvo	tsh	vo		RIK	當前內建
清開三鹽上	tshiemq	tsh	ie	mq	RUV	當前內建
清開三鹽入	tshiep	tsh	ie	p	RUX	當前內建
清開三鹽去	tshiemh	tsh	ie	mh	RUB	當前內建
清開三鹽平	tshiem	tsh	ie	m	RUC	當前內建
清開三麻上	tshiaeq	tsh	iae	q	ROJ	當前內建
清開三麻去	tshiaeh	tsh	iae	h	ROH	當前內建
清開四先入	tshet	tsh	e	t	REW	當前內建
清開四先去	tshenh	tsh	e	nh	RET	當前內建
清開四先平	tshen	tsh	e	n	REE	當前內建
清開四添上	tshemq	tsh	e	mq	REV	當前內建
清開四青入	tshek	tsh	e	k	RES	當前內建
清開四青去	tshengh	tsh	e	ngh	REG	當前內建
清開四青平	tsheng	tsh	e	ng	RED	當前內建
清開四齊上	tsheiq	tsh	e	iq	REU	當前內建
清開四齊去	tsheih	tsh	e	ih	REY	當前內建
清開四齊平	tshei	tsh	e	i	REI	當前內建
溪一侯上	khwuq	kh	wu	q	IGJ	當前內建
溪一侯去	khwuh	kh	wu	h	IGH	當前內建
溪一侯平	khwu	kh	wu		IGK	當前內建
溪一冬入	khowk	kh	ow	k	IWS	當前內建
溪一東上	khwungq	kh	wu	ngq	IGF	當前內建
溪一東入	khwuk	kh	wu	k	IGS	當前內建
溪一東去	khwungh	kh	wu	ngh	IGG	當前內建
溪一東平	khwung	kh	wu	ng	IGD	當前內建
溪一模上	khoq	kh	o	q	IDJ	當前內建
溪一模去	khoh	kh	o	h	IDH	當前內建
溪一模平	kho	kh	o		IDK	當前內建
溪三C尤上	khuq	kh	u	q	ILJ	當前內建
溪三C尤去	khuh	kh	u	h	ILH	當前內建
溪三C尤平	khu	kh	u		ILK	當前內建
溪三C東入	khuk	kh	u	k	ILS	當前內建
溪三C東去	khungh	kh	u	ngh	ILG	當前內建
溪三C東平	khung	kh	u	ng	ILD	當前內建
溪三C鍾上	khuongq	kh	uo	ngq	IKF	當前內建
溪三C鍾入	khuok	kh	uo	k	IKS	當前內建
溪三C鍾去	khuongh	kh	uo	ngh	IKG	當前內建
溪三C鍾平	khuong	kh	uo	ng	IKD	當前內建
溪二江入	khrok	kh	ro	k	IRS	當前內建
溪二江平	khrong	kh	ro	ng	IRD	當前內建
溪合一唐上	khwangq	kh	wa	ngq	IFF	當前內建
溪合一唐入	khwak	kh	wa	k	IFS	當前內建
溪合一唐去	khwangh	kh	wa	ngh	IFG	當前內建
溪合一唐平	khwang	kh	wa	ng	IFD	當前內建
溪合一寒上	khwanq	kh	wa	nq	IFR	當前內建
溪合一寒入	khwat	kh	wa	t	IFW	當前內建
溪合一寒去	khwanh	kh	wa	nh	IFT	當前內建
溪合一寒平	khwan	kh	wa	n	IFE	當前內建
溪合一歌上	khwaq	kh	wa	q	IFJ	當前內建
溪合一歌去	khwah	kh	wa	h	IFH	當前內建
溪合一歌平	khwa	kh	wa		IFK	當前內建
溪合一泰去	khwaih	kh	wa	ih	IFY	當前內建
溪合一灰上	khwoiq	kh	wo	iq	IOU	當前內建
溪合一灰去	khwoih	kh	wo	ih	IOY	當前內建
溪合一灰平	khwoi	kh	wo	i	IOI	當前內建
溪合一魂上	khwonq	kh	wo	nq	IOR	當前內建
溪合一魂入	khwot	kh	wo	t	IOW	當前內建
溪合一魂去	khwonh	kh	wo	nh	IOT	當前內建
溪合一魂平	khwon	kh	wo	n	IOE	當前內建
溪合三A仙入	khyet	kh	ye	t	IMW	當前內建
溪合三A支上	khyeq	kh	ye	q	IMJ	當前內建
溪合三A支去	khyeh	kh	ye	h	IMH	當前內建
溪合三A支平	khye	kh	ye		IMK	當前內建
溪合三A清上	khyaengq	kh	yae	ngq	IMF	當前內建
溪合三A清平	khyaeng	kh	yae	ng	IMD	當前內建
溪合三B仙去	khryenh	kh	rye	nh	IRT	當前內建
溪合三B仙平	khryen	kh	rye	n	IRE	當前內建
溪合三B支上	khueq	kh	ue	q	IEJ	當前內建
溪合三B支平	khue	kh	ue		IEK	當前內建
溪合三B真上	khryinq	kh	ryi	nq	ITR	當前內建
溪合三B真平	khryin	kh	ryi	n	ITE	當前內建
溪合三B脂上	khryiq	kh	ryi	iq	ITU	當前內建
溪合三B脂去	khryih	kh	ryi	ih	ITY	當前內建
溪合三B脂平	khryi	kh	ryi	i	ITI	當前內建
溪合三C元上	khuonq	kh	uo	nq	IKR	當前內建
溪合三C元入	khuot	kh	uo	t	IKW	當前內建
溪合三C元去	khuonh	kh	uo	nh	IKT	當前內建
溪合三C廢去	khuoih	kh	uo	ih	IKY	當前內建
溪合三C微去	khuih	kh	u	ih	ILY	當前內建
溪合三C微平	khui	kh	u	i	ILI	當前內建
溪合三C文上	khunq	kh	u	nq	ILR	當前內建
溪合三C文入	khut	kh	u	t	ILW	當前內建
溪合三C歌平	khua	kh	ua		IQK	當前內建
溪合三C虞上	khuoq	kh	uo	q	IKJ	當前內建
溪合三C虞去	khuoh	kh	uo	h	IKH	當前內建
溪合三C虞平	khuo	kh	uo		IKK	當前內建
溪合三C陽入	khuak	kh	ua	k	IQS	當前內建
溪合三C陽平	khuang	kh	ua	ng	IQD	當前內建
溪合二佳平	khrwe	kh	rwe		IPK	當前內建
溪合二夬去	khrwaeih	kh	rwae	ih	IHY	當前內建
溪合二山入	khrwet	kh	rwe	t	IPW	當前內建
溪合二庚上	khrwaengq	kh	rwae	ngq	IHF	當前內建
溪合二庚入	khrwaek	kh	rwae	k	IHS	當前內建
溪合二皆去	khrweih	kh	rwe	ih	IPY	當前內建
溪合二皆平	khrwei	kh	rwe	i	IPI	當前內建
溪合二麻上	khrwaeq	kh	rwae	q	IHJ	當前內建
溪合二麻去	khrwaeh	kh	rwae	h	IHH	當前內建
溪合二麻平	khrwae	kh	rwae		IHK	當前內建
溪合四先上	khwenq	kh	we	nq	IVR	當前內建
溪合四先入	khwet	kh	we	t	IVW	當前內建
溪合四青上	khwengq	kh	we	ngq	IVF	當前內建
溪合四青入	khwek	kh	we	k	IVS	當前內建
溪合四齊平	khwei	kh	we	i	IVI	當前內建
溪開一咍上	khoiq	kh	o	iq	IDU	當前內建
溪開一咍去	khoih	kh	o	ih	IDY	當前內建
溪開一咍平	khoi	kh	o	i	IDI	當前內建
溪開一唐上	khangq	kh	a	ngq	IBF	當前內建
溪開一唐入	khak	kh	a	k	IBS	當前內建
溪開一唐去	khangh	kh	a	ngh	IBG	當前內建
溪開一唐平	khang	kh	a	ng	IBD	當前內建
溪開一寒上	khanq	kh	a	nq	IBR	當前內建
溪開一寒入	khat	kh	a	t	IBW	當前內建
溪開一寒去	khanh	kh	a	nh	IBT	當前內建
溪開一寒平	khan	kh	a	n	IBE	當前內建
溪開一歌上	khaq	kh	a	q	IBJ	當前內建
溪開一歌去	khah	kh	a	h	IBH	當前內建
溪開一歌平	kha	kh	a		IBK	當前內建
溪開一泰去	khaih	kh	a	ih	IBY	當前內建
溪開一痕上	khonq	kh	o	nq	IDR	當前內建
溪開一登上	khongq	kh	o	ngq	IDF	當前內建
溪開一登入	khok	kh	o	k	IDS	當前內建
溪開一覃上	khomq	kh	o	mq	IDV	當前內建
溪開一覃入	khop	kh	o	p	IDX	當前內建
溪開一覃去	khomh	kh	o	mh	IDB	當前內建
溪開一覃平	khom	kh	o	m	IDC	當前內建
溪開一談上	khamq	kh	a	mq	IBV	當前內建
溪開一談入	khap	kh	a	p	IBX	當前內建
溪開一談去	khamh	kh	a	mh	IBB	當前內建
溪開一談平	kham	kh	a	m	IBC	當前內建
溪開一豪上	khoawq	kh	oa	wq	IBM	當前內建
溪開一豪去	khoawh	kh	oa	wh	IBN	當前內建
溪開一豪平	khoaw	kh	oa	w	IBL	當前內建
溪開三A仙上	khienq	kh	ie	nq	IUR	當前內建
溪開三A仙去	khienh	kh	ie	nh	IUT	當前內建
溪開三A宵平	khiew	kh	ie	w	IUL	當前內建
溪開三A幽去	khiwh	kh	i	wh	IJN	當前內建
溪開三A支上	khieq	kh	ie	q	IUJ	當前內建
溪開三A支去	khieh	kh	ie	h	IUH	當前內建
溪開三A清去	khiaengh	kh	iae	ngh	IOG	當前內建
溪開三A清平	khiaeng	kh	iae	ng	IOD	當前內建
溪開三A真上	khinq	kh	i	nq	IJR	當前內建
溪開三A真入	khit	kh	i	t	IJW	當前內建
溪開三A真去	khinh	kh	i	nh	IJT	當前內建
溪開三A脂去	khih	kh	i	ih	IJY	當前內建
溪開三A鹽上	khiemq	kh	ie	mq	IUV	當前內建
溪開三B仙入	khriet	kh	rie	t	IQW	當前內建
溪開三B仙平	khrien	kh	rie	n	IQE	當前內建
溪開三B侵上	khvmq	kh	v	mq	INV	當前內建
溪開三B侵入	khvp	kh	v	p	INX	當前內建
溪開三B侵平	khvm	kh	v	m	INC	當前內建
溪開三B宵去	khvewh	kh	ve	wh	IRN	當前內建
溪開三B宵平	khvew	kh	ve	w	IRL	當前內建
溪開三B幽平	khriw	kh	ri	w	ISL	當前內建
溪開三B庚入	khriaek	kh	riae	k	IUS	當前內建
溪開三B庚去	khriaengh	kh	riae	ngh	IUG	當前內建
溪開三B庚平	khriaeng	kh	riae	ng	IUD	當前內建
溪開三B支上	khveq	kh	ve	q	IRJ	當前內建
溪開三B支去	khveh	kh	ve	h	IRH	當前內建
溪開三B支平	khve	kh	ve		IRK	當前內建
溪開三B祭去	khrieih	kh	rie	ih	IQY	當前內建
溪開三B脂去	khrih	kh	ri	ih	ISY	當前內建
溪開三B蒸平	khring	kh	ri	ng	ISD	當前內建
溪開三B鹽上	khriemq	kh	rie	mq	IQV	當前內建
溪開三B鹽入	khriep	kh	rie	p	IQX	當前內建
溪開三B鹽平	khriem	kh	rie	m	IQC	當前內建
溪開三C之上	khvq	kh	v	q	INJ	當前內建
溪開三C之去	khvh	kh	v	h	INH	當前內建
溪開三C之平	khv	kh	v		INK	當前內建
溪開三C元上	khvonq	kh	vo	nq	IIR	當前內建
溪開三C元平	khvon	kh	vo	n	IIE	當前內建
溪開三C嚴上	khvomq	kh	vo	mq	IIV	當前內建
溪開三C嚴入	khvop	kh	vo	p	IIX	當前內建
溪開三C嚴去	khvomh	kh	vo	mh	IIB	當前內建
溪開三C嚴平	khvom	kh	vo	m	IIC	當前內建
溪開三C微上	khviq	kh	v	iq	INU	當前內建
溪開三C微去	khvih	kh	v	ih	INY	當前內建
溪開三C歌平	khva	kh	va		IJK	當前內建
溪開三C殷上	khvnq	kh	v	nq	INR	當前內建
溪開三C殷入	khvt	kh	v	t	INW	當前內建
溪開三C蒸入	khvk	kh	v	k	INS	當前內建
溪開三C陽入	khvak	kh	va	k	IJS	當前內建
溪開三C陽去	khvangh	kh	va	ngh	IJG	當前內建
溪開三C陽平	khvang	kh	va	ng	IJD	當前內建
溪開三C魚上	khvoq	kh	vo	q	IIJ	當前內建
溪開三C魚去	khvoh	kh	vo	h	IIH	當前內建
溪開三C魚平	khvo	kh	vo		IIK	當前內建
溪開二佳上	khreq	kh	re	q	ICJ	當前內建
溪開二佳去	khreh	kh	re	h	ICH	當前內建
溪開二刪入	khraet	kh	rae	t	IAW	當前內建
溪開二刪平	khraen	kh	rae	n	IAE	當前內建
溪開二咸上	khremq	kh	re	mq	ICV	當前內建
溪開二咸入	khrep	kh	re	p	ICX	當前內建
溪開二咸去	khremh	kh	re	mh	ICB	當前內建
溪開二咸平	khrem	kh	re	m	ICC	當前內建
溪開二山上	khrenq	kh	re	nq	ICR	當前內建
溪開二山入	khret	kh	re	t	ICW	當前內建
溪開二山平	khren	kh	re	n	ICE	當前內建
溪開二庚入	khraek	kh	rae	k	IAS	當前內建
溪開二庚平	khraeng	kh	rae	ng	IAD	當前內建
溪開二皆上	khreiq	kh	re	iq	ICU	當前內建
溪開二皆去	khreih	kh	re	ih	ICY	當前內建
溪開二皆平	khrei	kh	re	i	ICI	當前內建
溪開二耕入	khrek	kh	re	k	ICS	當前內建
溪開二耕平	khreng	kh	re	ng	ICD	當前內建
溪開二肴上	khraewq	kh	rae	wq	IAM	當前內建
溪開二肴去	khraewh	kh	rae	wh	IAN	當前內建
溪開二肴平	khraew	kh	rae	w	IAL	當前內建
溪開二銜上	khraemq	kh	rae	mq	IAV	當前內建
溪開二銜平	khraem	kh	rae	m	IAC	當前內建
溪開二麻上	khraeq	kh	rae	q	IAJ	當前內建
溪開二麻去	khraeh	kh	rae	h	IAH	當前內建
溪開二麻平	khrae	kh	rae		IAK	當前內建
溪開四先上	khenq	kh	e	nq	IER	當前內建
溪開四先入	khet	kh	e	t	IEW	當前內建
溪開四先去	khenh	kh	e	nh	IET	當前內建
溪開四先平	khen	kh	e	n	IEE	當前內建
溪開四添上	khemq	kh	e	mq	IEV	當前內建
溪開四添入	khep	kh	e	p	IEX	當前內建
溪開四添去	khemh	kh	e	mh	IEB	當前內建
溪開四添平	khem	kh	e	m	IEC	當前內建
溪開四蕭上	khewq	kh	e	wq	IEM	當前內建
溪開四蕭去	khewh	kh	e	wh	IEN	當前內建
溪開四蕭平	khew	kh	e	w	IEL	當前內建
溪開四青上	khengq	kh	e	ngq	IEF	當前內建
溪開四青入	khek	kh	e	k	IES	當前內建
溪開四青去	khengh	kh	e	ngh	IEG	當前內建
溪開四齊上	kheiq	kh	e	iq	IEU	當前內建
溪開四齊去	kheih	kh	e	ih	IEY	當前內建
溪開四齊平	khei	kh	e	i	IEI	當前內建
滂一侯上	phwuq	ph	wu	q	OGJ	當前內建
滂一侯去	phwuh	ph	wu	h	OGH	當前內建
滂一唐上	phangq	ph	a	ngq	OBF	當前內建
滂一唐入	phak	ph	a	k	OBS	當前內建
滂一唐平	phang	ph	a	ng	OBD	當前內建
滂一寒上	phanq	ph	a	nq	OBR	當前內建
滂一寒入	phat	ph	a	t	OBW	當前內建
滂一寒去	phanh	ph	a	nh	OBT	當前內建
滂一寒平	phan	ph	a	n	OBE	當前內建
滂一東入	phwuk	ph	wu	k	OGS	當前內建
滂一模上	phoq	ph	o	q	ODJ	當前內建
滂一模去	phoh	ph	o	h	ODH	當前內建
滂一模平	pho	ph	o		ODK	當前內建
滂一歌上	phaq	ph	a	q	OBJ	當前內建
滂一歌去	phah	ph	a	h	OBH	當前內建
滂一歌平	pha	ph	a		OBK	當前內建
滂一泰去	phaih	ph	a	ih	OBY	當前內建
滂一灰上	phoiq	ph	o	iq	ODU	當前內建
滂一灰去	phoih	ph	o	ih	ODY	當前內建
滂一灰平	phoi	ph	o	i	ODI	當前內建
滂一登上	phongq	ph	o	ngq	ODF	當前內建
滂一登入	phok	ph	o	k	ODS	當前內建
滂一登平	phong	ph	o	ng	ODD	當前內建
滂一豪平	phoaw	ph	oa	w	OBL	當前內建
滂一魂上	phonq	ph	o	nq	ODR	當前內建
滂一魂入	phot	ph	o	t	ODW	當前內建
滂一魂去	phonh	ph	o	nh	ODT	當前內建
滂一魂平	phon	ph	o	n	ODE	當前內建
滂三A仙入	phiet	ph	ie	t	OUW	當前內建
滂三A仙去	phienh	ph	ie	nh	OUT	當前內建
滂三A仙平	phien	ph	ie	n	OUE	當前內建
滂三A宵上	phiewq	ph	ie	wq	OUM	當前內建
滂三A宵去	phiewh	ph	ie	wh	OUN	當前內建
滂三A宵平	phiew	ph	ie	w	OUL	當前內建
滂三A支上	phieq	ph	ie	q	OUJ	當前內建
滂三A支去	phieh	ph	ie	h	OUH	當前內建
滂三A支平	phie	ph	ie		OUK	當前內建
滂三A清入	phiaek	ph	iae	k	OOS	當前內建
滂三A清去	phiaengh	ph	iae	ngh	OOG	當前內建
滂三A真入	phit	ph	i	t	OJW	當前內建
滂三A真去	phinh	ph	i	nh	OJT	當前內建
滂三A真平	phin	ph	i	n	OJE	當前內建
滂三A祭去	phieih	ph	ie	ih	OUY	當前內建
滂三A脂去	phih	ph	i	ih	OJY	當前內建
滂三A脂平	phi	ph	i	i	OJI	當前內建
滂三B仙上	phrienq	ph	rie	nq	OQR	當前內建
滂三B侵上	phvmq	ph	v	mq	ONV	當前內建
滂三B宵上	phvewq	ph	ve	wq	ORM	當前內建
滂三B支上	phveq	ph	ve	q	ORJ	當前內建
滂三B支去	phveh	ph	ve	h	ORH	當前內建
滂三B支平	phve	ph	ve		ORK	當前內建
滂三B真平	phrin	ph	ri	n	OSE	當前內建
滂三B脂上	phriq	ph	ri	iq	OSU	當前內建
滂三B脂去	phrih	ph	ri	ih	OSY	當前內建
滂三B脂平	phri	ph	ri	i	OSI	當前內建
滂三B蒸入	phrik	ph	ri	k	OSS	當前內建
滂三B蒸平	phring	ph	ri	ng	OSD	當前內建
滂三C元入	phuot	ph	uo	t	OKW	當前內建
滂三C元去	phuonh	ph	uo	nh	OKT	當前內建
滂三C元平	phuon	ph	uo	n	OKE	當前內建
滂三C凡上	phuomq	ph	uo	mq	OKV	當前內建
滂三C凡入	phuop	ph	uo	p	OKX	當前內建
滂三C凡去	phuomh	ph	uo	mh	OKB	當前內建
滂三C凡平	phuom	ph	uo	m	OKC	當前內建
滂三C尤上	phuq	ph	u	q	OLJ	當前內建
滂三C尤去	phuh	ph	u	h	OLH	當前內建
滂三C尤平	phu	ph	u		OLK	當前內建
滂三C廢去	phuoih	ph	uo	ih	OKY	當前內建
滂三C微上	phuiq	ph	u	iq	OLU	當前內建
滂三C微去	phuih	ph	u	ih	OLY	當前內建
滂三C微平	phui	ph	u	i	OLI	當前內建
滂三C文上	phunq	ph	u	nq	OLR	當前內建
滂三C文入	phut	ph	u	t	OLW	當前內建
滂三C文去	phunh	ph	u	nh	OLT	當前內建
滂三C文平	phun	ph	u	n	OLE	當前內建
滂三C東入	phuk	ph	u	k	OLS	當前內建
滂三C東去	phungh	ph	u	ngh	OLG	當前內建
滂三C東平	phung	ph	u	ng	OLD	當前內建
滂三C虞上	phuoq	ph	uo	q	OKJ	當前內建
滂三C虞去	phuoh	ph	uo	h	OKH	當前內建
滂三C虞平	phuo	ph	uo		OKK	當前內建
滂三C鍾上	phuongq	ph	uo	ngq	OKF	當前內建
滂三C鍾平	phuong	ph	uo	ng	OKD	當前內建
滂三C陽上	phuangq	ph	ua	ngq	OQF	當前內建
滂三C陽入	phuak	ph	ua	k	OQS	當前內建
滂三C陽去	phuangh	ph	ua	ngh	OQG	當前內建
滂三C陽平	phuang	ph	ua	ng	OQD	當前內建
滂二佳去	phreh	ph	re	h	OCH	當前內建
滂二刪上	phraenq	ph	rae	nq	OAR	當前內建
滂二刪去	phraenh	ph	rae	nh	OAT	當前內建
滂二刪平	phraen	ph	rae	n	OAE	當前內建
滂二山入	phret	ph	re	t	OCW	當前內建
滂二山去	phrenh	ph	re	nh	OCT	當前內建
滂二庚入	phraek	ph	rae	k	OAS	當前內建
滂二庚平	phraeng	ph	rae	ng	OAD	當前內建
滂二江入	phrok	ph	ro	k	ORS	當前內建
滂二江去	phrongh	ph	ro	ngh	ORG	當前內建
滂二江平	phrong	ph	ro	ng	ORD	當前內建
滂二皆去	phreih	ph	re	ih	OCY	當前內建
滂二耕上	phrengq	ph	re	ngq	OCF	當前內建
滂二耕入	phrek	ph	re	k	OCS	當前內建
滂二耕平	phreng	ph	re	ng	OCD	當前內建
滂二肴去	phraewh	ph	rae	wh	OAN	當前內建
滂二肴平	phraew	ph	rae	w	OAL	當前內建
滂二麻去	phraeh	ph	rae	h	OAH	當前內建
滂二麻平	phrae	ph	rae		OAK	當前內建
滂四先入	phet	ph	e	t	OEW	當前內建
滂四先去	phenh	ph	e	nh	OET	當前內建
滂四青上	phengq	ph	e	ngq	OEF	當前內建
滂四青入	phek	ph	e	k	OES	當前內建
滂四青平	pheng	ph	e	ng	OED	當前內建
滂四齊上	pheiq	ph	e	iq	OEU	當前內建
滂四齊去	pheih	ph	e	ih	OEY	當前內建
滂四齊平	phei	ph	e	i	OEI	當前內建
澄三尤上	druq	d	ru	q	DTJ	當前內建
澄三尤去	druh	d	ru	h	DTH	當前內建
澄三尤平	dru	d	ru		DTK	當前內建
澄三東入	druk	d	ru	k	DTS	當前內建
澄三東去	drungh	d	ru	ngh	DTG	當前內建
澄三東平	drung	d	ru	ng	DTD	當前內建
澄三鍾上	druongq	d	ruo	ngq	DPF	當前內建
澄三鍾入	druok	d	ruo	k	DPS	當前內建
澄三鍾去	druongh	d	ruo	ngh	DPG	當前內建
澄三鍾平	druong	d	ruo	ng	DPD	當前內建
澄二江入	drok	d	ro	k	DRS	當前內建
澄二江去	drongh	d	ro	ngh	DRG	當前內建
澄二江平	drong	d	ro	ng	DRD	當前內建
澄合三仙上	dryenq	d	rye	nq	DRR	當前內建
澄合三仙去	dryenh	d	rye	nh	DRT	當前內建
澄合三仙平	dryen	d	rye	n	DRE	當前內建
澄合三支去	dryeh	d	rye	h	DRH	當前內建
澄合三支平	drye	d	rye		DRK	當前內建
澄合三真入	dryit	d	ryi	t	DTW	當前內建
澄合三真平	dryin	d	ryi	n	DTE	當前內建
澄合三祭去	dryeih	d	rye	ih	DRY	當前內建
澄合三脂去	dryih	d	ryi	ih	DTY	當前內建
澄合三脂平	dryi	d	ryi	i	DTI	當前內建
澄合三虞上	druoq	d	ruo	q	DPJ	當前內建
澄合三虞去	druoh	d	ruo	h	DPH	當前內建
澄合三虞平	druo	d	ruo		DPK	當前內建
澄合二山平	drwen	d	rwe	n	DPE	當前內建
澄合二皆平	drwei	d	rwe	i	DPI	當前內建
澄開三之上	drvq	d	rv	q	DSJ	當前內建
澄開三之去	drvh	d	rv	h	DSH	當前內建
澄開三之平	drv	d	rv		DSK	當前內建
澄開三仙上	drienq	d	rie	nq	DQR	當前內建
澄開三仙入	driet	d	rie	t	DQW	當前內建
澄開三仙去	drienh	d	rie	nh	DQT	當前內建
澄開三仙平	drien	d	rie	n	DQE	當前內建
澄開三侵上	drimq	d	ri	mq	DSV	當前內建
澄開三侵入	drip	d	ri	p	DSX	當前內建
澄開三侵去	drimh	d	ri	mh	DSB	當前內建
澄開三侵平	drim	d	ri	m	DSC	當前內建
澄開三宵上	driewq	d	rie	wq	DQM	當前內建
澄開三宵去	driewh	d	rie	wh	DQN	當前內建
澄開三宵平	driew	d	rie	w	DQL	當前內建
澄開三支上	drieq	d	rie	q	DQJ	當前內建
澄開三支平	drie	d	rie		DQK	當前內建
澄開三清上	driaengq	d	riae	ngq	DUF	當前內建
澄開三清入	driaek	d	riae	k	DUS	當前內建
澄開三清去	driaengh	d	riae	ngh	DUG	當前內建
澄開三清平	driaeng	d	riae	ng	DUD	當前內建
澄開三真上	drinq	d	ri	nq	DSR	當前內建
澄開三真入	drit	d	ri	t	DSW	當前內建
澄開三真去	drinh	d	ri	nh	DST	當前內建
澄開三真平	drin	d	ri	n	DSE	當前內建
澄開三祭去	drieih	d	rie	ih	DQY	當前內建
澄開三脂上	driq	d	ri	iq	DSU	當前內建
澄開三脂去	drih	d	ri	ih	DSY	當前內建
澄開三脂平	dri	d	ri	i	DSI	當前內建
澄開三蒸入	drvk	d	rv	k	DSS	當前內建
澄開三蒸去	drvngh	d	rv	ngh	DSG	當前內建
澄開三蒸平	drvng	d	rv	ng	DSD	當前內建
澄開三陽上	drvangq	d	rva	ngq	DHF	當前內建
澄開三陽入	drvak	d	rva	k	DHS	當前內建
澄開三陽去	drvangh	d	rva	ngh	DHG	當前內建
澄開三陽平	drvang	d	rva	ng	DHD	當前內建
澄開三魚上	drvoq	d	rvo	q	DVJ	當前內建
澄開三魚去	drvoh	d	rvo	h	DVH	當前內建
澄開三魚平	drvo	d	rvo		DVK	當前內建
澄開三鹽入	driep	d	rie	p	DQX	當前內建
澄開三鹽平	driem	d	rie	m	DQC	當前內建
澄開二佳上	dreq	d	re	q	DCJ	當前內建
澄開二咸上	dremq	d	re	mq	DCV	當前內建
澄開二咸去	dremh	d	re	mh	DCB	當前內建
澄開二夬去	draeih	d	rae	ih	DAY	當前內建
澄開二山去	drenh	d	re	nh	DCT	當前內建
澄開二山平	dren	d	re	n	DCE	當前內建
澄開二庚上	draengq	d	rae	ngq	DAF	當前內建
澄開二庚入	draek	d	rae	k	DAS	當前內建
澄開二庚去	draengh	d	rae	ngh	DAG	當前內建
澄開二庚平	draeng	d	rae	ng	DAD	當前內建
澄開二耕平	dreng	d	re	ng	DCD	當前內建
澄開二肴去	draewh	d	rae	wh	DAN	當前內建
澄開二肴平	draew	d	rae	w	DAL	當前內建
澄開二銜入	draep	d	rae	p	DAX	當前內建
澄開二麻去	draeh	d	rae	h	DAH	當前內建
澄開二麻平	drae	d	rae		DAK	當前內建
生三尤上	sruq	s	ru	q	STJ	當前內建
生三尤去	sruh	s	ru	h	STH	當前內建
生三尤平	sru	s	ru		STK	當前內建
生三東入	sruk	s	ru	k	STS	當前內建
生二江入	srok	s	ro	k	SRS	當前內建
生二江去	srongh	s	ro	ngh	SRG	當前內建
生二江平	srong	s	ro	ng	SRD	當前內建
生合三仙入	sryet	s	rye	t	SRW	當前內建
生合三仙去	sryenh	s	rye	nh	SRT	當前內建
生合三仙平	sryen	s	rye	n	SRE	當前內建
生合三支平	srye	s	rye		SRK	當前內建
生合三真入	sryit	s	ryi	t	STW	當前內建
生合三祭去	sryeih	s	rye	ih	SRY	當前內建
生合三脂去	sryih	s	ryi	ih	STY	當前內建
生合三脂平	sryi	s	ryi	i	STI	當前內建
生合三虞上	sruoq	s	ruo	q	SPJ	當前內建
生合三虞去	sruoh	s	ruo	h	SPH	當前內建
生合三虞平	sruo	s	ruo		SPK	當前內建
生合二刪入	srwaet	s	rwae	t	SHW	當前內建
生合二刪去	srwaenh	s	rwae	nh	SHT	當前內建
生合二刪平	srwaen	s	rwae	n	SHE	當前內建
生合二耕入	srwek	s	rwe	k	SPS	當前內建
生合二麻上	srwaeq	s	rwae	q	SHJ	當前內建
生合二麻去	srwaeh	s	rwae	h	SHH	當前內建
生開三之上	srvq	s	rv	q	SSJ	當前內建
生開三之去	srvh	s	rv	h	SSH	當前內建
生開三仙入	sriet	s	rie	t	SQW	當前內建
生開三侵上	srimq	s	ri	mq	SSV	當前內建
生開三侵入	srip	s	ri	p	SSX	當前內建
生開三侵去	srimh	s	ri	mh	SSB	當前內建
生開三侵平	srim	s	ri	m	SSC	當前內建
生開三庚上	sriaengq	s	riae	ngq	SUF	當前內建
生開三庚入	sriaek	s	riae	k	SUS	當前內建
生開三庚去	sriaengh	s	riae	ngh	SUG	當前內建
生開三庚平	sriaeng	s	riae	ng	SUD	當前內建
生開三支上	srieq	s	rie	q	SQJ	當前內建
生開三支去	srieh	s	rie	h	SQH	當前內建
生開三支平	srie	s	rie		SQK	當前內建
生開三祭去	srieih	s	rie	ih	SQY	當前內建
生開三脂平	sri	s	ri	i	SSI	當前內建
生開三臻入	srit	s	ri	t	SSW	當前內建
生開三臻平	srin	s	ri	n	SSE	當前內建
生開三蒸上	srvngq	s	rv	ngq	SSF	當前內建
生開三蒸入	srvk	s	rv	k	SSS	當前內建
生開三蒸平	srvng	s	rv	ng	SSD	當前內建
生開三陽上	srvangq	s	rva	ngq	SHF	當前內建
生開三陽平	srvang	s	rva	ng	SHD	當前內建
生開三魚上	srvoq	s	rvo	q	SVJ	當前內建
生開三魚去	srvoh	s	rvo	h	SVH	當前內建
生開三魚平	srvo	s	rvo		SVK	當前內建
生開三鹽入	sriep	s	rie	p	SQX	當前內建
生開三鹽平	sriem	s	rie	m	SQC	當前內建
生開二佳上	sreq	s	re	q	SCJ	當前內建
生開二佳去	sreh	s	re	h	SCH	當前內建
生開二佳平	sre	s	re		SCK	當前內建
生開二刪上	sraenq	s	rae	nq	SAR	當前內建
生開二刪去	sraenh	s	rae	nh	SAT	當前內建
生開二刪平	sraen	s	rae	n	SAE	當前內建
生開二咸上	sremq	s	re	mq	SCV	當前內建
生開二咸入	srep	s	re	p	SCX	當前內建
生開二咸平	srem	s	re	m	SCC	當前內建
生開二夬去	sraeih	s	rae	ih	SAY	當前內建
生開二山上	srenq	s	re	nq	SCR	當前內建
生開二山入	sret	s	re	t	SCW	當前內建
生開二山平	sren	s	re	n	SCE	當前內建
生開二皆去	sreih	s	re	ih	SCY	當前內建
生開二皆平	srei	s	re	i	SCI	當前內建
生開二耕入	srek	s	re	k	SCS	當前內建
生開二肴上	sraewq	s	rae	wq	SAM	當前內建
生開二肴去	sraewh	s	rae	wh	SAN	當前內建
生開二肴平	sraew	s	rae	w	SAL	當前內建
生開二銜上	sraemq	s	rae	mq	SAV	當前內建
生開二銜入	sraep	s	rae	p	SAX	當前內建
生開二銜去	sraemh	s	rae	mh	SAB	當前內建
生開二銜平	sraem	s	rae	m	SAC	當前內建
生開二麻上	sraeq	s	rae	q	SAJ	當前內建
生開二麻去	sraeh	s	rae	h	SAH	當前內建
生開二麻平	srae	s	rae		SAK	當前內建
疑一侯上	ngwuq	ng	wu	q	UGJ	當前內建
疑一侯去	ngwuh	ng	wu	h	UGH	當前內建
疑一侯平	ngwu	ng	wu		UGK	當前內建
疑一冬入	ngowk	ng	ow	k	UWS	當前內建
疑一東平	ngwung	ng	wu	ng	UGD	當前內建
疑一模上	ngoq	ng	o	q	UDJ	當前內建
疑一模去	ngoh	ng	o	h	UDH	當前內建
疑一模平	ngo	ng	o		UDK	當前內建
疑三C尤去	nguh	ng	u	h	ULH	當前內建
疑三C尤平	ngu	ng	u		ULK	當前內建
疑三C東入	nguk	ng	u	k	ULS	當前內建
疑三C鍾入	nguok	ng	uo	k	UKS	當前內建
疑三C鍾平	nguong	ng	uo	ng	UKD	當前內建
疑二江入	ngrok	ng	ro	k	URS	當前內建
疑二江平	ngrong	ng	ro	ng	URD	當前內建
疑合一唐入	ngwak	ng	wa	k	UFS	當前內建
疑合一寒入	ngwat	ng	wa	t	UFW	當前內建
疑合一寒去	ngwanh	ng	wa	nh	UFT	當前內建
疑合一寒平	ngwan	ng	wa	n	UFE	當前內建
疑合一歌上	ngwaq	ng	wa	q	UFJ	當前內建
疑合一歌去	ngwah	ng	wa	h	UFH	當前內建
疑合一歌平	ngwa	ng	wa		UFK	當前內建
疑合一泰去	ngwaih	ng	wa	ih	UFY	當前內建
疑合一灰上	ngwoiq	ng	wo	iq	UOU	當前內建
疑合一灰去	ngwoih	ng	wo	ih	UOY	當前內建
疑合一灰平	ngwoi	ng	wo	i	UOI	當前內建
疑合一魂入	ngwot	ng	wo	t	UOW	當前內建
疑合一魂去	ngwonh	ng	wo	nh	UOT	當前內建
疑合一魂平	ngwon	ng	wo	n	UOE	當前內建
疑合三B支上	ngueq	ng	ue	q	UEJ	當前內建
疑合三B支去	ngueh	ng	ue	h	UEH	當前內建
疑合三B支平	ngue	ng	ue		UEK	當前內建
疑合三C元上	nguonq	ng	uo	nq	UKR	當前內建
疑合三C元入	nguot	ng	uo	t	UKW	當前內建
疑合三C元去	nguonh	ng	uo	nh	UKT	當前內建
疑合三C元平	nguon	ng	uo	n	UKE	當前內建
疑合三C微去	nguih	ng	u	ih	ULY	當前內建
疑合三C微平	ngui	ng	u	i	ULI	當前內建
疑合三C文上	ngunq	ng	u	nq	ULR	當前內建
疑合三C文入	ngut	ng	u	t	ULW	當前內建
疑合三C虞上	nguoq	ng	uo	q	UKJ	當前內建
疑合三C虞去	nguoh	ng	uo	h	UKH	當前內建
疑合三C虞平	nguo	ng	uo		UKK	當前內建
疑合二刪入	ngrwaet	ng	rwae	t	UHW	當前內建
疑合二刪去	ngrwaenh	ng	rwae	nh	UHT	當前內建
疑合二刪平	ngrwaen	ng	rwae	n	UHE	當前內建
疑合二山入	ngrwet	ng	rwe	t	UPW	當前內建
疑合二皆去	ngrweih	ng	rwe	ih	UPY	當前內建
疑合二麻上	ngrwaeq	ng	rwae	q	UHJ	當前內建
疑合二麻去	ngrwaeh	ng	rwae	h	UHH	當前內建
疑合二麻平	ngrwae	ng	rwae		UHK	當前內建
疑開一咍去	ngoih	ng	o	ih	UDY	當前內建
疑開一咍平	ngoi	ng	o	i	UDI	當前內建
疑開一唐上	ngangq	ng	a	ngq	UBF	當前內建
疑開一唐入	ngak	ng	a	k	UBS	當前內建
疑開一唐去	ngangh	ng	a	ngh	UBG	當前內建
疑開一唐平	ngang	ng	a	ng	UBD	當前內建
疑開一寒入	ngat	ng	a	t	UBW	當前內建
疑開一寒去	nganh	ng	a	nh	UBT	當前內建
疑開一寒平	ngan	ng	a	n	UBE	當前內建
疑開一歌上	ngaq	ng	a	q	UBJ	當前內建
疑開一歌去	ngah	ng	a	h	UBH	當前內建
疑開一歌平	nga	ng	a		UBK	當前內建
疑開一泰去	ngaih	ng	a	ih	UBY	當前內建
疑開一痕去	ngonh	ng	o	nh	UDT	當前內建
疑開一痕平	ngon	ng	o	n	UDE	當前內建
疑開一覃上	ngomq	ng	o	mq	UDV	當前內建
疑開一覃入	ngop	ng	o	p	UDX	當前內建
疑開一覃去	ngomh	ng	o	mh	UDB	當前內建
疑開一覃平	ngom	ng	o	m	UDC	當前內建
疑開一談入	ngap	ng	a	p	UBX	當前內建
疑開一豪上	ngoawq	ng	oa	wq	UBM	當前內建
疑開一豪去	ngoawh	ng	oa	wh	UBN	當前內建
疑開一豪平	ngoaw	ng	oa	w	UBL	當前內建
疑開三A幽平	ngiw	ng	i	w	UJL	當前內建
疑開三A祭去	ngieih	ng	ie	ih	UUY	當前內建
疑開三B仙上	ngrienq	ng	rie	nq	UQR	當前內建
疑開三B仙入	ngriet	ng	rie	t	UQW	當前內建
疑開三B仙去	ngrienh	ng	rie	nh	UQT	當前內建
疑開三B侵上	ngvmq	ng	v	mq	UNV	當前內建
疑開三B侵入	ngvp	ng	v	p	UNX	當前內建
疑開三B侵去	ngvmh	ng	v	mh	UNB	當前內建
疑開三B侵平	ngvm	ng	v	m	UNC	當前內建
疑開三B宵去	ngvewh	ng	ve	wh	URN	當前內建
疑開三B庚入	ngriaek	ng	riae	k	UUS	當前內建
疑開三B庚去	ngriaengh	ng	riae	ngh	UUG	當前內建
疑開三B庚平	ngriaeng	ng	riae	ng	UUD	當前內建
疑開三B支上	ngveq	ng	ve	q	URJ	當前內建
疑開三B支去	ngveh	ng	ve	h	URH	當前內建
疑開三B支平	ngve	ng	ve		URK	當前內建
疑開三B真上	ngrinq	ng	ri	nq	USR	當前內建
疑開三B真入	ngrit	ng	ri	t	USW	當前內建
疑開三B真去	ngrinh	ng	ri	nh	UST	當前內建
疑開三B真平	ngrin	ng	ri	n	USE	當前內建
疑開三B祭去	ngrieih	ng	rie	ih	UQY	當前內建
疑開三B脂去	ngrih	ng	ri	ih	USY	當前內建
疑開三B脂平	ngri	ng	ri	i	USI	當前內建
疑開三B鹽上	ngriemq	ng	rie	mq	UQV	當前內建
疑開三B鹽去	ngriemh	ng	rie	mh	UQB	當前內建
疑開三B鹽平	ngriem	ng	rie	m	UQC	當前內建
疑開三C之上	ngvq	ng	v	q	UNJ	當前內建
疑開三C之去	ngvh	ng	v	h	UNH	當前內建
疑開三C之平	ngv	ng	v		UNK	當前內建
疑開三C元上	ngvonq	ng	vo	nq	UIR	當前內建
疑開三C元入	ngvot	ng	vo	t	UIW	當前內建
疑開三C元去	ngvonh	ng	vo	nh	UIT	當前內建
疑開三C元平	ngvon	ng	vo	n	UIE	當前內建
疑開三C嚴上	ngvomq	ng	vo	mq	UIV	當前內建
疑開三C嚴入	ngvop	ng	vo	p	UIX	當前內建
疑開三C嚴去	ngvomh	ng	vo	mh	UIB	當前內建
疑開三C嚴平	ngvom	ng	vo	m	UIC	當前內建
疑開三C廢去	ngvoih	ng	vo	ih	UIY	當前內建
疑開三C微上	ngviq	ng	v	iq	UNU	當前內建
疑開三C微去	ngvih	ng	v	ih	UNY	當前內建
疑開三C微平	ngvi	ng	v	i	UNI	當前內建
疑開三C殷上	ngvnq	ng	v	nq	UNR	當前內建
疑開三C殷入	ngvt	ng	v	t	UNW	當前內建
疑開三C殷去	ngvnh	ng	v	nh	UNT	當前內建
疑開三C殷平	ngvn	ng	v	n	UNE	當前內建
疑開三C蒸入	ngvk	ng	v	k	UNS	當前內建
疑開三C蒸去	ngvngh	ng	v	ngh	UNG	當前內建
疑開三C蒸平	ngvng	ng	v	ng	UND	當前內建
疑開三C陽上	ngvangq	ng	va	ngq	UJF	當前內建
疑開三C陽入	ngvak	ng	va	k	UJS	當前內建
疑開三C陽去	ngvangh	ng	va	ngh	UJG	當前內建
疑開三C魚上	ngvoq	ng	vo	q	UIJ	當前內建
疑開三C魚去	ngvoh	ng	vo	h	UIH	當前內建
疑開三C魚平	ngvo	ng	vo		UIK	當前內建
疑開二佳去	ngreh	ng	re	h	UCH	當前內建
疑開二佳平	ngre	ng	re		UCK	當前內建
疑開二刪上	ngraenq	ng	rae	nq	UAR	當前內建
疑開二刪入	ngraet	ng	rae	t	UAW	當前內建
疑開二刪去	ngraenh	ng	rae	nh	UAT	當前內建
疑開二刪平	ngraen	ng	rae	n	UAE	當前內建
疑開二咸去	ngremh	ng	re	mh	UCB	當前內建
疑開二咸平	ngrem	ng	re	m	UCC	當前內建
疑開二山上	ngrenq	ng	re	nq	UCR	當前內建
疑開二山平	ngren	ng	re	n	UCE	當前內建
疑開二庚入	ngraek	ng	rae	k	UAS	當前內建
疑開二皆上	ngreiq	ng	re	iq	UCU	當前內建
疑開二皆去	ngreih	ng	re	ih	UCY	當前內建
疑開二皆平	ngrei	ng	re	i	UCI	當前內建
疑開二耕入	ngrek	ng	re	k	UCS	當前內建
疑開二耕去	ngrengh	ng	re	ngh	UCG	當前內建
疑開二耕平	ngreng	ng	re	ng	UCD	當前內建
疑開二肴上	ngraewq	ng	rae	wq	UAM	當前內建
疑開二肴去	ngraewh	ng	rae	wh	UAN	當前內建
疑開二肴平	ngraew	ng	rae	w	UAL	當前內建
疑開二銜平	ngraem	ng	rae	m	UAC	當前內建
疑開二麻上	ngraeq	ng	rae	q	UAJ	當前內建
疑開二麻去	ngraeh	ng	rae	h	UAH	當前內建
疑開二麻平	ngrae	ng	rae		UAK	當前內建
疑開四先上	ngenq	ng	e	nq	UER	當前內建
疑開四先入	nget	ng	e	t	UEW	當前內建
疑開四先去	ngenh	ng	e	nh	UET	當前內建
疑開四先平	ngen	ng	e	n	UEE	當前內建
疑開四蕭去	ngewh	ng	e	wh	UEN	當前內建
疑開四蕭平	ngew	ng	e	w	UEL	當前內建
疑開四青上	ngengq	ng	e	ngq	UEF	當前內建
疑開四青入	ngek	ng	e	k	UES	當前內建
疑開四齊上	ngeiq	ng	e	iq	UEU	當前內建
疑開四齊去	ngeih	ng	e	ih	UEY	當前內建
疑開四齊平	ngei	ng	e	i	UEI	當前內建
知三尤上	truq	t	ru	q	TTJ	當前內建
知三尤去	truh	t	ru	h	TTH	當前內建
知三尤平	tru	t	ru		TTK	當前內建
知三東入	truk	t	ru	k	TTS	當前內建
知三東去	trungh	t	ru	ngh	TTG	當前內建
知三東平	trung	t	ru	ng	TTD	當前內建
知三鍾上	truongq	t	ruo	ngq	TPF	當前內建
知三鍾入	truok	t	ruo	k	TPS	當前內建
知三鍾去	truongh	t	ruo	ngh	TPG	當前內建
知二江入	trok	t	ro	k	TRS	當前內建
知二江去	trongh	t	ro	ngh	TRG	當前內建
知二江平	trong	t	ro	ng	TRD	當前內建
知合三仙上	tryenq	t	rye	nq	TRR	當前內建
知合三仙入	tryet	t	rye	t	TRW	當前內建
知合三仙去	tryenh	t	rye	nh	TRT	當前內建
知合三支去	tryeh	t	rye	h	TRH	當前內建
知合三支平	trye	t	rye		TRK	當前內建
知合三真入	tryit	t	ryi	t	TTW	當前內建
知合三真平	tryin	t	ryi	n	TTE	當前內建
知合三祭去	tryeih	t	rye	ih	TRY	當前內建
知合三脂去	tryih	t	ryi	ih	TTY	當前內建
知合三脂平	tryi	t	ryi	i	TTI	當前內建
知合三虞上	truoq	t	ruo	q	TPJ	當前內建
知合三虞去	truoh	t	ruo	h	TPH	當前內建
知合三虞平	truo	t	ruo		TPK	當前內建
知合二刪入	trwaet	t	rwae	t	THW	當前內建
知合二山入	trwet	t	rwe	t	TPW	當前內建
知合二皆去	trweih	t	rwe	ih	TPY	當前內建
知合二麻平	trwae	t	rwae		THK	當前內建
知開三之上	trvq	t	rv	q	TSJ	當前內建
知開三之去	trvh	t	rv	h	TSH	當前內建
知開三仙上	trienq	t	rie	nq	TQR	當前內建
知開三仙入	triet	t	rie	t	TQW	當前內建
知開三仙去	trienh	t	rie	nh	TQT	當前內建
知開三仙平	trien	t	rie	n	TQE	當前內建
知開三侵上	trimq	t	ri	mq	TSV	當前內建
知開三侵入	trip	t	ri	p	TSX	當前內建
知開三侵去	trimh	t	ri	mh	TSB	當前內建
知開三侵平	trim	t	ri	m	TSC	當前內建
知開三宵平	triew	t	rie	w	TQL	當前內建
知開三支上	trieq	t	rie	q	TQJ	當前內建
知開三支去	trieh	t	rie	h	TQH	當前內建
知開三支平	trie	t	rie		TQK	當前內建
知開三清入	triaek	t	riae	k	TUS	當前內建
知開三清平	triaeng	t	riae	ng	TUD	當前內建
知開三真上	trinq	t	ri	nq	TSR	當前內建
知開三真入	trit	t	ri	t	TSW	當前內建
知開三真去	trinh	t	ri	nh	TST	當前內建
知開三真平	trin	t	ri	n	TSE	當前內建
知開三祭去	trieih	t	rie	ih	TQY	當前內建
知開三脂上	triq	t	ri	iq	TSU	當前內建
知開三脂去	trih	t	ri	ih	TSY	當前內建
知開三脂平	tri	t	ri	i	TSI	當前內建
知開三蒸入	trvk	t	rv	k	TSS	當前內建
知開三蒸平	trvng	t	rv	ng	TSD	當前內建
知開三陽上	trvangq	t	rva	ngq	THF	當前內建
知開三陽入	trvak	t	rva	k	THS	當前內建
知開三陽去	trvangh	t	rva	ngh	THG	當前內建
知開三陽平	trvang	t	rva	ng	THD	當前內建
知開三魚上	trvoq	t	rvo	q	TVJ	當前內建
知開三魚去	trvoh	t	rvo	h	TVH	當前內建
知開三魚平	trvo	t	rvo		TVK	當前內建
知開三鹽入	triep	t	rie	p	TQX	當前內建
知開三鹽平	triem	t	rie	m	TQC	當前內建
知開二佳去	treh	t	re	h	TCH	當前內建
知開二刪入	traet	t	rae	t	TAW	當前內建
知開二咸入	trep	t	re	p	TCX	當前內建
知開二咸去	tremh	t	re	mh	TCB	當前內建
知開二咸平	trem	t	re	m	TCC	當前內建
知開二山平	tren	t	re	n	TCE	當前內建
知開二庚上	traengq	t	rae	ngq	TAF	當前內建
知開二庚入	traek	t	rae	k	TAS	當前內建
知開二庚去	traengh	t	rae	ngh	TAG	當前內建
知開二庚平	traeng	t	rae	ng	TAD	當前內建
知開二皆平	trei	t	re	i	TCI	當前內建
知開二耕入	trek	t	re	k	TCS	當前內建
知開二耕平	treng	t	re	ng	TCD	當前內建
知開二肴上	traewq	t	rae	wq	TAM	當前內建
知開二肴去	traewh	t	rae	wh	TAN	當前內建
知開二肴平	traew	t	rae	w	TAL	當前內建
知開二麻上	traeq	t	rae	q	TAJ	當前內建
知開二麻去	traeh	t	rae	h	TAH	當前內建
知開二麻平	trae	t	rae		TAK	當前內建
章三尤上	tjuq	t	ju	q	TLJ	當前內建
章三尤去	tjuh	t	ju	h	TLH	當前內建
章三尤平	tju	t	ju		TLK	當前內建
章三東入	tjuk	t	ju	k	TLS	當前內建
章三東去	tjungh	t	ju	ngh	TLG	當前內建
章三東平	tjung	t	ju	ng	TLD	當前內建
章三鍾上	tyongq	t	yo	ngq	TIF	當前內建
章三鍾入	tyok	t	yo	k	TIS	當前內建
章三鍾去	tyongh	t	yo	ngh	TIG	當前內建
章三鍾平	tyong	t	yo	ng	TID	當前內建
章合三仙上	tyenq	t	ye	nq	TMR	當前內建
章合三仙入	tyet	t	ye	t	TMW	當前內建
章合三仙去	tyenh	t	ye	nh	TMT	當前內建
章合三仙平	tyen	t	ye	n	TME	當前內建
章合三支上	tyeq	t	ye	q	TMJ	當前內建
章合三支去	tyeh	t	ye	h	TMH	當前內建
章合三支平	tye	t	ye		TMK	當前內建
章合三清入	tyaek	t	yae	k	TMS	原固定樣本
章合三真上	tyinq	t	yi	nq	TGR	當前內建
章合三真去	tyinh	t	yi	nh	TGT	當前內建
章合三真平	tyin	t	yi	n	TGE	當前內建
章合三祭去	tyeih	t	ye	ih	TMY	當前內建
章合三脂平	tyi	t	yi	i	TGI	當前內建
章合三虞上	tyoq	t	yo	q	TIJ	當前內建
章合三虞去	tyoh	t	yo	h	TIH	當前內建
章合三虞平	tyo	t	yo		TIK	當前內建
章開三之上	tjvq	t	jv	q	TKJ	當前內建
章開三之去	tjvh	t	jv	h	TKH	當前內建
章開三之平	tjv	t	jv		TKK	當前內建
章開三仙上	tjenq	t	je	nq	TUR	當前內建
章開三仙入	tjet	t	je	t	TUW	當前內建
章開三仙去	tjenh	t	je	nh	TUT	當前內建
章開三仙平	tjen	t	je	n	TUE	當前內建
章開三侵上	tjimq	t	ji	mq	TIV	當前內建
章開三侵入	tjip	t	ji	p	TIX	當前內建
章開三侵去	tjimh	t	ji	mh	TIB	當前內建
章開三侵平	tjim	t	ji	m	TIC	當前內建
章開三宵上	tjewq	t	je	wq	TUM	當前內建
章開三宵去	tjewh	t	je	wh	TUN	當前內建
章開三宵平	tjew	t	je	w	TUL	當前內建
章開三支上	tjeq	t	je	q	TUJ	當前內建
章開三支去	tjeh	t	je	h	TUH	當前內建
章開三支平	tje	t	je		TUK	當前內建
章開三清上	tjaengq	t	jae	ngq	TNF	當前內建
章開三清入	tjaek	t	jae	k	TNS	當前內建
章開三清去	tjaengh	t	jae	ngh	TNG	當前內建
章開三清平	tjaeng	t	jae	ng	TND	當前內建
章開三真上	tjinq	t	ji	nq	TIR	當前內建
章開三真入	tjit	t	ji	t	TIW	當前內建
章開三真去	tjinh	t	ji	nh	TIT	當前內建
章開三真平	tjin	t	ji	n	TIE	當前內建
章開三祭去	tjeih	t	je	ih	TUY	當前內建
章開三脂上	tjiq	t	ji	iq	TIU	當前內建
章開三脂去	tjih	t	ji	ih	TIY	當前內建
章開三脂平	tji	t	ji	i	TII	當前內建
章開三蒸上	tjvngq	t	jv	ngq	TKF	當前內建
章開三蒸入	tjvk	t	jv	k	TKS	當前內建
章開三蒸去	tjvngh	t	jv	ngh	TKG	當前內建
章開三蒸平	tjvng	t	jv	ng	TKD	當前內建
章開三陽上	tjangq	t	ja	ngq	TFF	當前內建
章開三陽入	tjak	t	ja	k	TFS	當前內建
章開三陽去	tjangh	t	ja	ngh	TFG	當前內建
章開三陽平	tjang	t	ja	ng	TFD	當前內建
章開三魚上	tjoq	t	jo	q	TWJ	當前內建
章開三魚去	tjoh	t	jo	h	TWH	當前內建
章開三魚平	tjo	t	jo		TWK	當前內建
章開三鹽上	tjemq	t	je	mq	TUV	當前內建
章開三鹽入	tjep	t	je	p	TUX	當前內建
章開三鹽去	tjemh	t	je	mh	TUB	當前內建
章開三鹽平	tjem	t	je	m	TUC	當前內建
章開三麻上	tjaeq	t	jae	q	TNJ	當前內建
章開三麻去	tjaeh	t	jae	h	TNH	當前內建
章開三麻平	tjae	t	jae		TNK	當前內建
端一侯上	twuq	t	wu	q	TGJ	當前內建
端一侯去	twuh	t	wu	h	TGH	當前內建
端一侯平	twu	t	wu		TGK	當前內建
端一冬上	towngq	t	ow	ngq	TWF	當前內建
端一冬入	towk	t	ow	k	TWS	當前內建
端一冬平	towng	t	ow	ng	TWD	當前內建
端一東上	twungq	t	wu	ngq	TGF	當前內建
端一東入	twuk	t	wu	k	TGS	當前內建
端一東去	twungh	t	wu	ngh	TGG	當前內建
端一東平	twung	t	wu	ng	TGD	當前內建
端一模上	toq	t	o	q	TDJ	當前內建
端一模去	toh	t	o	h	TDH	當前內建
端一模平	to	t	o		TDK	當前內建
端合一寒上	twanq	t	wa	nq	TFR	當前內建
端合一寒入	twat	t	wa	t	TFW	當前內建
端合一寒去	twanh	t	wa	nh	TFT	當前內建
端合一寒平	twan	t	wa	n	TFE	當前內建
端合一歌上	twaq	t	wa	q	TFJ	當前內建
端合一歌去	twah	t	wa	h	TFH	當前內建
端合一歌平	twa	t	wa		TFK	當前內建
端合一泰去	twaih	t	wa	ih	TFY	當前內建
端合一灰上	twoiq	t	wo	iq	TOU	當前內建
端合一灰去	twoih	t	wo	ih	TOY	當前內建
端合一灰平	twoi	t	wo	i	TOI	當前內建
端合一魂入	twot	t	wo	t	TOW	當前內建
端合一魂去	twonh	t	wo	nh	TOT	當前內建
端合一魂平	twon	t	wo	n	TOE	當前內建
端開一咍上	toiq	t	o	iq	TDU	當前內建
端開一咍去	toih	t	o	ih	TDY	當前內建
端開一咍平	toi	t	o	i	TDI	當前內建
端開一唐上	tangq	t	a	ngq	TBF	當前內建
端開一唐去	tangh	t	a	ngh	TBG	當前內建
端開一唐平	tang	t	a	ng	TBD	當前內建
端開一寒上	tanq	t	a	nq	TBR	當前內建
端開一寒入	tat	t	a	t	TBW	當前內建
端開一寒去	tanh	t	a	nh	TBT	當前內建
端開一寒平	tan	t	a	n	TBE	當前內建
端開一歌上	taq	t	a	q	TBJ	當前內建
端開一歌去	tah	t	a	h	TBH	當前內建
端開一歌平	ta	t	a		TBK	當前內建
端開一泰去	taih	t	a	ih	TBY	當前內建
端開一登上	tongq	t	o	ngq	TDF	當前內建
端開一登入	tok	t	o	k	TDS	當前內建
端開一登去	tongh	t	o	ngh	TDG	當前內建
端開一登平	tong	t	o	ng	TDD	當前內建
端開一覃上	tomq	t	o	mq	TDV	當前內建
端開一覃入	top	t	o	p	TDX	當前內建
端開一覃去	tomh	t	o	mh	TDB	當前內建
端開一覃平	tom	t	o	m	TDC	當前內建
端開一談上	tamq	t	a	mq	TBV	當前內建
端開一談入	tap	t	a	p	TBX	當前內建
端開一談去	tamh	t	a	mh	TBB	當前內建
端開一談平	tam	t	a	m	TBC	當前內建
端開一豪上	toawq	t	oa	wq	TBM	當前內建
端開一豪去	toawh	t	oa	wh	TBN	當前內建
端開一豪平	toaw	t	oa	w	TBL	當前內建
端開二庚上	taengq	t	ae	ngq	TCF	當前內建
端開四先上	tenq	t	e	nq	TER	當前內建
端開四先入	tet	t	e	t	TEW	當前內建
端開四先去	tenh	t	e	nh	TET	當前內建
端開四先平	ten	t	e	n	TEE	當前內建
端開四添上	temq	t	e	mq	TEV	當前內建
端開四添入	tep	t	e	p	TEX	當前內建
端開四添去	temh	t	e	mh	TEB	當前內建
端開四添平	tem	t	e	m	TEC	當前內建
端開四蕭上	tewq	t	e	wq	TEM	當前內建
端開四蕭去	tewh	t	e	wh	TEN	當前內建
端開四蕭平	tew	t	e	w	TEL	當前內建
端開四青上	tengq	t	e	ngq	TEF	當前內建
端開四青入	tek	t	e	k	TES	當前內建
端開四青去	tengh	t	e	ngh	TEG	當前內建
端開四青平	teng	t	e	ng	TED	當前內建
端開四麻平	tiae	t	va		TJK	當前內建
端開四齊上	teiq	t	e	iq	TEU	當前內建
端開四齊去	teih	t	e	ih	TEY	當前內建
端開四齊平	tei	t	e	i	TEI	當前內建
精一侯上	tswuq	ts	wu	q	FGJ	當前內建
精一侯去	tswuh	ts	wu	h	FGH	當前內建
精一侯平	tswu	ts	wu		FGK	當前內建
精一冬入	tsowk	ts	ow	k	FWS	當前內建
精一冬去	tsowngh	ts	ow	ngh	FWG	當前內建
精一冬平	tsowng	ts	ow	ng	FWD	當前內建
精一東上	tswungq	ts	wu	ngq	FGF	當前內建
精一東入	tswuk	ts	wu	k	FGS	當前內建
精一東去	tswungh	ts	wu	ngh	FGG	當前內建
精一東平	tswung	ts	wu	ng	FGD	當前內建
精一模上	tsoq	ts	o	q	FDJ	當前內建
精一模去	tsoh	ts	o	h	FDH	當前內建
精一模平	tso	ts	o		FDK	當前內建
精三尤上	tsuq	ts	u	q	FLJ	當前內建
精三尤去	tsuh	ts	u	h	FLH	當前內建
精三尤平	tsu	ts	u		FLK	當前內建
精三東入	tsuk	ts	u	k	FLS	當前內建
精三鍾上	tsuongq	ts	uo	ngq	FKF	當前內建
精三鍾入	tsuok	ts	uo	k	FKS	當前內建
精三鍾去	tsuongh	ts	uo	ngh	FKG	當前內建
精三鍾平	tsuong	ts	uo	ng	FKD	當前內建
精合一唐入	tswak	ts	wa	k	FFS	當前內建
精合一寒上	tswanq	ts	wa	nq	FFR	當前內建
精合一寒入	tswat	ts	wa	t	FFW	當前內建
精合一寒去	tswanh	ts	wa	nh	FFT	當前內建
精合一寒平	tswan	ts	wa	n	FFE	當前內建
精合一歌去	tswah	ts	wa	h	FFH	當前內建
精合一歌平	tswa	ts	wa		FFK	當前內建
精合一泰去	tswaih	ts	wa	ih	FFY	當前內建
精合一灰上	tswoiq	ts	wo	iq	FOU	當前內建
精合一灰去	tswoih	ts	wo	ih	FOY	當前內建
精合一灰平	tswoi	ts	wo	i	FOI	當前內建
精合一魂上	tswonq	ts	wo	nq	FOR	當前內建
精合一魂入	tswot	ts	wo	t	FOW	當前內建
精合一魂去	tswonh	ts	wo	nh	FOT	當前內建
精合一魂平	tswon	ts	wo	n	FOE	當前內建
精合三仙上	tsyenq	ts	ye	nq	FMR	當前內建
精合三仙入	tsyet	ts	ye	t	FMW	當前內建
精合三仙平	tsyen	ts	ye	n	FME	當前內建
精合三支上	tsyeq	ts	ye	q	FMJ	當前內建
精合三支平	tsye	ts	ye		FMK	當前內建
精合三真入	tsyit	ts	yi	t	FGW	當前內建
精合三真去	tsyinh	ts	yi	nh	FGT	當前內建
精合三真平	tsyin	ts	yi	n	FGE	當前內建
精合三祭去	tsyeih	ts	ye	ih	FMY	當前內建
精合三脂上	tsyiq	ts	yi	iq	FGU	當前內建
精合三脂去	tsyih	ts	yi	ih	FGY	當前內建
精合三脂平	tsyi	ts	yi	i	FGI	當前內建
精合三虞去	tsuoh	ts	uo	h	FKH	當前內建
精合三虞平	tsuo	ts	uo		FKK	當前內建
精開一咍上	tsoiq	ts	o	iq	FDU	當前內建
精開一咍去	tsoih	ts	o	ih	FDY	當前內建
精開一咍平	tsoi	ts	o	i	FDI	當前內建
精開一唐上	tsangq	ts	a	ngq	FBF	當前內建
精開一唐入	tsak	ts	a	k	FBS	當前內建
精開一唐去	tsangh	ts	a	ngh	FBG	當前內建
精開一唐平	tsang	ts	a	ng	FBD	當前內建
精開一寒上	tsanq	ts	a	nq	FBR	當前內建
精開一寒入	tsat	ts	a	t	FBW	當前內建
精開一寒去	tsanh	ts	a	nh	FBT	當前內建
精開一歌上	tsaq	ts	a	q	FBJ	當前內建
精開一歌去	tsah	ts	a	h	FBH	當前內建
精開一登入	tsok	ts	o	k	FDS	當前內建
精開一登去	tsongh	ts	o	ngh	FDG	當前內建
精開一登平	tsong	ts	o	ng	FDD	當前內建
精開一覃上	tsomq	ts	o	mq	FDV	當前內建
精開一覃入	tsop	ts	o	p	FDX	當前內建
精開一覃去	tsomh	ts	o	mh	FDB	當前內建
精開一覃平	tsom	ts	o	m	FDC	當前內建
精開一談上	tsamq	ts	a	mq	FBV	當前內建
精開一談平	tsam	ts	a	m	FBC	當前內建
精開一豪上	tsoawq	ts	oa	wq	FBM	當前內建
精開一豪去	tsoawh	ts	oa	wh	FBN	當前內建
精開一豪平	tsoaw	ts	oa	w	FBL	當前內建
精開三之上	tsvq	ts	v	q	FNJ	當前內建
精開三之平	tsv	ts	v		FNK	當前內建
精開三仙上	tsienq	ts	ie	nq	FUR	當前內建
精開三仙入	tsiet	ts	ie	t	FUW	當前內建
精開三仙去	tsienh	ts	ie	nh	FUT	當前內建
精開三仙平	tsien	ts	ie	n	FUE	當前內建
精開三侵上	tsimq	ts	i	mq	FJV	當前內建
精開三侵入	tsip	ts	i	p	FJX	當前內建
精開三侵去	tsimh	ts	i	mh	FJB	當前內建
精開三侵平	tsim	ts	i	m	FJC	當前內建
精開三宵上	tsiewq	ts	ie	wq	FUM	當前內建
精開三宵去	tsiewh	ts	ie	wh	FUN	當前內建
精開三宵平	tsiew	ts	ie	w	FUL	當前內建
精開三支上	tsieq	ts	ie	q	FUJ	當前內建
精開三支去	tsieh	ts	ie	h	FUH	當前內建
精開三支平	tsie	ts	ie		FUK	當前內建
精開三清上	tsiaengq	ts	iae	ngq	FOF	當前內建
精開三清入	tsiaek	ts	iae	k	FOS	當前內建
精開三清去	tsiaengh	ts	iae	ngh	FOG	當前內建
精開三清平	tsiaeng	ts	iae	ng	FOD	當前內建
精開三真上	tsinq	ts	i	nq	FJR	當前內建
精開三真入	tsit	ts	i	t	FJW	當前內建
精開三真去	tsinh	ts	i	nh	FJT	當前內建
精開三真平	tsin	ts	i	n	FJE	當前內建
精開三祭去	tsieih	ts	ie	ih	FUY	當前內建
精開三脂上	tsiq	ts	i	iq	FJU	當前內建
精開三脂去	tsih	ts	i	ih	FJY	當前內建
精開三脂平	tsi	ts	i	i	FJI	當前內建
精開三蒸入	tsvk	ts	v	k	FNS	當前內建
精開三蒸去	tsvngh	ts	v	ngh	FNG	當前內建
精開三陽上	tsvangq	ts	va	ngq	FJF	當前內建
精開三陽入	tsvak	ts	va	k	FJS	當前內建
精開三陽去	tsvangh	ts	va	ngh	FJG	當前內建
精開三陽平	tsvang	ts	va	ng	FJD	當前內建
精開三魚上	tsvoq	ts	vo	q	FIJ	當前內建
精開三魚去	tsvoh	ts	vo	h	FIH	當前內建
精開三魚平	tsvo	ts	vo		FIK	當前內建
精開三鹽上	tsiemq	ts	ie	mq	FUV	當前內建
精開三鹽入	tsiep	ts	ie	p	FUX	當前內建
精開三鹽去	tsiemh	ts	ie	mh	FUB	當前內建
精開三鹽平	tsiem	ts	ie	m	FUC	當前內建
精開三麻上	tsiaeq	ts	iae	q	FOJ	當前內建
精開三麻去	tsiaeh	ts	iae	h	FOH	當前內建
精開三麻平	tsiae	ts	iae		FOK	當前內建
精開四先入	tset	ts	e	t	FEW	當前內建
精開四先去	tsenh	ts	e	nh	FET	當前內建
精開四先平	tsen	ts	e	n	FEE	當前內建
精開四添入	tsep	ts	e	p	FEX	當前內建
精開四添去	tsemh	ts	e	mh	FEB	當前內建
精開四蕭上	tsewq	ts	e	wq	FEM	當前內建
精開四青入	tsek	ts	e	k	FES	當前內建
精開四齊上	tseiq	ts	e	iq	FEU	當前內建
精開四齊去	tseih	ts	e	ih	FEY	當前內建
精開四齊平	tsei	ts	e	i	FEI	當前內建
羣三C尤上	guq	g	u	q	GLJ	當前內建
羣三C尤去	guh	g	u	h	GLH	當前內建
羣三C尤平	gu	g	u		GLK	當前內建
羣三C東入	guk	g	u	k	GLS	當前內建
羣三C東平	gung	g	u	ng	GLD	當前內建
羣三C鍾上	guongq	g	uo	ngq	GKF	當前內建
羣三C鍾入	guok	g	uo	k	GKS	當前內建
羣三C鍾去	guongh	g	uo	ngh	GKG	當前內建
羣三C鍾平	guong	g	uo	ng	GKD	當前內建
羣合三A仙上	gyenq	g	ye	nq	GMR	當前內建
羣合三A清平	gyaeng	g	yae	ng	GMD	當前內建
羣合三A脂上	gyiq	g	yi	iq	GGU	當前內建
羣合三A脂去	gyih	g	yi	ih	GGY	當前內建
羣合三A脂平	gyi	g	yi	i	GGI	當前內建
羣合三B仙上	gryenq	g	rye	nq	GRR	當前內建
羣合三B仙去	gryenh	g	rye	nh	GRT	當前內建
羣合三B仙平	gryen	g	rye	n	GRE	當前內建
羣合三B庚入	gryaek	g	ryae	k	GDS	當前內建
羣合三B支上	gueq	g	ue	q	GEJ	當前內建
羣合三B真上	gryinq	g	ryi	nq	GTR	當前內建
羣合三B脂上	gryiq	g	ryi	iq	GTU	當前內建
羣合三B脂去	gryih	g	ryi	ih	GTY	當前內建
羣合三B脂平	gryi	g	ryi	i	GTI	當前內建
羣合三C元上	guonq	g	uo	nq	GKR	當前內建
羣合三C元入	guot	g	uo	t	GKW	當前內建
羣合三C元去	guonh	g	uo	nh	GKT	當前內建
羣合三C廢去	guoih	g	uo	ih	GKY	當前內建
羣合三C文入	gut	g	u	t	GLW	當前內建
羣合三C文去	gunh	g	u	nh	GLT	當前內建
羣合三C文平	gun	g	u	n	GLE	當前內建
羣合三C歌平	gua	g	ua		GQK	當前內建
羣合三C虞上	guoq	g	uo	q	GKJ	當前內建
羣合三C虞去	guoh	g	uo	h	GKH	當前內建
羣合三C虞平	guo	g	uo		GKK	當前內建
羣合三C陽上	guangq	g	ua	ngq	GQF	當前內建
羣合三C陽入	guak	g	ua	k	GQS	當前內建
羣合三C陽去	guangh	g	ua	ngh	GQG	當前內建
羣合三C陽平	guang	g	ua	ng	GQD	當前內建
羣開三A宵去	giewh	g	ie	wh	GUN	當前內建
羣開三A宵平	giew	g	ie	w	GUL	當前內建
羣開三A幽上	giwq	g	i	wq	GJM	當前內建
羣開三A幽去	giwh	g	i	wh	GJN	當前內建
羣開三A幽平	giw	g	i	w	GJL	當前內建
羣開三A支平	gie	g	ie		GUK	當前內建
羣開三A清上	giaengq	g	iae	ngq	GOF	當前內建
羣開三A清平	giaeng	g	iae	ng	GOD	當前內建
羣開三A真平	gin	g	i	n	GJE	當前內建
羣開三A脂平	gi	g	i	i	GJI	當前內建
羣開三A鹽平	giem	g	ie	m	GUC	當前內建
羣開三B仙上	grienq	g	rie	nq	GQR	當前內建
羣開三B仙入	griet	g	rie	t	GQW	當前內建
羣開三B仙平	grien	g	rie	n	GQE	當前內建
羣開三B侵上	gvmq	g	v	mq	GNV	當前內建
羣開三B侵入	gvp	g	v	p	GNX	當前內建
羣開三B侵去	gvmh	g	v	mh	GNB	當前內建
羣開三B侵平	gvm	g	v	m	GNC	當前內建
羣開三B宵上	gvewq	g	ve	wq	GRM	當前內建
羣開三B宵去	gvewh	g	ve	wh	GRN	當前內建
羣開三B宵平	gvew	g	ve	w	GRL	當前內建
羣開三B庚入	griaek	g	riae	k	GUS	當前內建
羣開三B庚去	griaengh	g	riae	ngh	GUG	當前內建
羣開三B庚平	griaeng	g	riae	ng	GUD	當前內建
羣開三B支上	gveq	g	ve	q	GRJ	當前內建
羣開三B支去	gveh	g	ve	h	GRH	當前內建
羣開三B支平	gve	g	ve		GRK	當前內建
羣開三B真入	grit	g	ri	t	GSW	當前內建
羣開三B真去	grinh	g	ri	nh	GST	當前內建
羣開三B真平	grin	g	ri	n	GSE	當前內建
羣開三B祭去	grieih	g	rie	ih	GQY	當前內建
羣開三B脂上	griq	g	ri	iq	GSU	當前內建
羣開三B脂去	grih	g	ri	ih	GSY	當前內建
羣開三B鹽上	griemq	g	rie	mq	GQV	當前內建
羣開三B鹽入	griep	g	rie	p	GQX	當前內建
羣開三B鹽平	griem	g	rie	m	GQC	當前內建
羣開三C之去	gvh	g	v	h	GNH	當前內建
羣開三C之平	gv	g	v		GNK	當前內建
羣開三C元上	gvonq	g	vo	nq	GIR	當前內建
羣開三C元入	gvot	g	vo	t	GIW	當前內建
羣開三C元去	gvonh	g	vo	nh	GIT	當前內建
羣開三C元平	gvon	g	vo	n	GIE	當前內建
羣開三C嚴入	gvop	g	vo	p	GIX	當前內建
羣開三C微去	gvih	g	v	ih	GNY	當前內建
羣開三C微平	gvi	g	v	i	GNI	當前內建
羣開三C歌平	gva	g	va		GJK	當前內建
羣開三C殷上	gvnq	g	v	nq	GNR	當前內建
羣開三C殷入	gvt	g	v	t	GNW	當前內建
羣開三C殷去	gvnh	g	v	nh	GNT	當前內建
羣開三C殷平	gvn	g	v	n	GNE	當前內建
羣開三C蒸上	gvngq	g	v	ngq	GNF	當前內建
羣開三C蒸入	gvk	g	v	k	GNS	當前內建
羣開三C蒸去	gvngh	g	v	ngh	GNG	當前內建
羣開三C蒸平	gvng	g	v	ng	GND	當前內建
羣開三C陽上	gvangq	g	va	ngq	GJF	當前內建
羣開三C陽入	gvak	g	va	k	GJS	當前內建
羣開三C陽去	gvangh	g	va	ngh	GJG	當前內建
羣開三C陽平	gvang	g	va	ng	GJD	當前內建
羣開三C魚上	gvoq	g	vo	q	GIJ	當前內建
羣開三C魚去	gvoh	g	vo	h	GIH	當前內建
羣開三C魚平	gvo	g	vo		GIK	當前內建
船三鍾入	ghyok	ghy	yo	k	CIS	當前內建
船合三仙平	ghyen	ghy	ye	n	CME	當前內建
船合三真上	ghyinq	ghy	yi	nq	CGR	當前內建
船合三真入	ghyit	ghy	yi	t	CGW	當前內建
船合三真去	ghyinh	ghy	yi	nh	CGT	當前內建
船合三真平	ghyin	ghy	yi	n	CGE	當前內建
船開三仙入	ghjet	ghj	je	t	CUW	當前內建
船開三侵上	ghjimq	ghj	ji	mq	CIV	當前內建
船開三支上	ghjeq	ghj	je	q	CUJ	當前內建
船開三清入	ghjaek	ghj	jae	k	CNS	當前內建
船開三真入	ghjit	ghj	ji	t	CIW	當前內建
船開三真平	ghjin	ghj	ji	n	CIE	當前內建
船開三脂去	ghjih	ghj	ji	ih	CIY	當前內建
船開三蒸入	ghjvk	ghj	jv	k	CKS	當前內建
船開三蒸去	ghjvngh	ghj	jv	ngh	CKG	當前內建
船開三蒸平	ghjvng	ghj	jv	ng	CKD	當前內建
船開三魚上	ghjoq	ghj	jo	q	CWJ	當前內建
船開三麻去	ghjaeh	ghj	jae	h	CNH	當前內建
船開三麻平	ghjae	ghj	jae		CNK	當前內建
莊三尤上	tsruq	ts	ru	q	FTJ	當前內建
莊三尤去	tsruh	ts	ru	h	FTH	當前內建
莊三尤平	tsru	ts	ru		FTK	當前內建
莊三東入	tsruk	ts	ru	k	FTS	當前內建
莊二江入	tsrok	ts	ro	k	FRS	當前內建
莊合三仙入	tsryet	ts	rye	t	FRW	當前內建
莊合三仙去	tsryenh	ts	rye	nh	FRT	當前內建
莊合三仙平	tsryen	ts	rye	n	FRE	當前內建
莊合三真入	tsryit	ts	ryi	t	FTW	當前內建
莊合三虞平	tsruo	ts	ruo		FPK	當前內建
莊合二刪平	tsrwaen	ts	rwae	n	FHE	當前內建
莊合二山入	tsrwet	ts	rwe	t	FPW	當前內建
莊合二麻上	tsrwaeq	ts	rwae	q	FHJ	當前內建
莊合二麻平	tsrwae	ts	rwae		FHK	當前內建
莊開三之上	tsrvq	ts	rv	q	FSJ	當前內建
莊開三之去	tsrvh	ts	rv	h	FSH	當前內建
莊開三之平	tsrv	ts	rv		FSK	當前內建
莊開三侵入	tsrip	ts	ri	p	FSX	當前內建
莊開三侵去	tsrimh	ts	ri	mh	FSB	當前內建
莊開三侵平	tsrim	ts	ri	m	FSC	當前內建
莊開三支上	tsrieq	ts	rie	q	FQJ	當前內建
莊開三支去	tsrieh	ts	rie	h	FQH	當前內建
莊開三支平	tsrie	ts	rie		FQK	當前內建
莊開三臻上	tsrinq	ts	ri	nq	FSR	當前內建
莊開三臻入	tsrit	ts	ri	t	FSW	當前內建
莊開三臻平	tsrin	ts	ri	n	FSE	當前內建
莊開三蒸入	tsrvk	ts	rv	k	FSS	當前內建
莊開三陽入	tsrvak	ts	rva	k	FHS	當前內建
莊開三陽去	tsrvangh	ts	rva	ngh	FHG	當前內建
莊開三陽平	tsrvang	ts	rva	ng	FHD	當前內建
莊開三魚上	tsrvoq	ts	rvo	q	FVJ	當前內建
莊開三魚去	tsrvoh	ts	rvo	h	FVH	當前內建
莊開三魚平	tsrvo	ts	rvo		FVK	當前內建
莊開二佳去	tsreh	ts	re	h	FCH	當前內建
莊開二刪上	tsraenq	ts	rae	nq	FAR	當前內建
莊開二咸上	tsremq	ts	re	mq	FCV	當前內建
莊開二咸入	tsrep	ts	re	p	FCX	當前內建
莊開二咸去	tsremh	ts	re	mh	FCB	當前內建
莊開二山上	tsrenq	ts	re	nq	FCR	當前內建
莊開二山入	tsret	ts	re	t	FCW	當前內建
莊開二庚入	tsraek	ts	rae	k	FAS	當前內建
莊開二皆去	tsreih	ts	re	ih	FCY	當前內建
莊開二皆平	tsrei	ts	re	i	FCI	當前內建
莊開二耕入	tsrek	ts	re	k	FCS	當前內建
莊開二耕去	tsrengh	ts	re	ngh	FCG	當前內建
莊開二耕平	tsreng	ts	re	ng	FCD	當前內建
莊開二肴上	tsraewq	ts	rae	wq	FAM	當前內建
莊開二肴去	tsraewh	ts	rae	wh	FAN	當前內建
莊開二肴平	tsraew	ts	rae	w	FAL	當前內建
莊開二銜去	tsraemh	ts	rae	mh	FAB	當前內建
莊開二麻上	tsraeq	ts	rae	q	FAJ	當前內建
莊開二麻去	tsraeh	ts	rae	h	FAH	當前內建
莊開二麻平	tsrae	ts	rae		FAK	當前內建
補充：怎	tsvmq	ts	v	mq	FNV	本方案補充
見一侯上	kwuq	k	wu	q	KGJ	當前內建
見一侯去	kwuh	k	wu	h	KGH	當前內建
見一侯平	kwu	k	wu		KGK	當前內建
見一冬入	kowk	k	ow	k	KWS	當前內建
見一冬平	kowng	k	ow	ng	KWD	當前內建
見一東入	kwuk	k	wu	k	KGS	當前內建
見一東去	kwungh	k	wu	ngh	KGG	當前內建
見一東平	kwung	k	wu	ng	KGD	當前內建
見一模上	koq	k	o	q	KDJ	當前內建
見一模去	koh	k	o	h	KDH	當前內建
見一模平	ko	k	o		KDK	當前內建
見三C尤上	kuq	k	u	q	KLJ	當前內建
見三C尤去	kuh	k	u	h	KLH	當前內建
見三C尤平	ku	k	u		KLK	當前內建
見三C東入	kuk	k	u	k	KLS	當前內建
見三C東平	kung	k	u	ng	KLD	當前內建
見三C鍾上	kuongq	k	uo	ngq	KKF	當前內建
見三C鍾入	kuok	k	uo	k	KKS	當前內建
見三C鍾去	kuongh	k	uo	ngh	KKG	當前內建
見三C鍾平	kuong	k	uo	ng	KKD	當前內建
見二江上	krongq	k	ro	ngq	KRF	當前內建
見二江入	krok	k	ro	k	KRS	當前內建
見二江去	krongh	k	ro	ngh	KRG	當前內建
見二江平	krong	k	ro	ng	KRD	當前內建
見合一唐上	kwangq	k	wa	ngq	KFF	當前內建
見合一唐入	kwak	k	wa	k	KFS	當前內建
見合一唐去	kwangh	k	wa	ngh	KFG	當前內建
見合一唐平	kwang	k	wa	ng	KFD	當前內建
見合一寒上	kwanq	k	wa	nq	KFR	當前內建
見合一寒入	kwat	k	wa	t	KFW	當前內建
見合一寒去	kwanh	k	wa	nh	KFT	當前內建
見合一寒平	kwan	k	wa	n	KFE	當前內建
見合一歌上	kwaq	k	wa	q	KFJ	當前內建
見合一歌去	kwah	k	wa	h	KFH	當前內建
見合一歌平	kwa	k	wa		KFK	當前內建
見合一泰去	kwaih	k	wa	ih	KFY	當前內建
見合一灰去	kwoih	k	wo	ih	KOY	當前內建
見合一灰平	kwoi	k	wo	i	KOI	當前內建
見合一登入	kwok	k	wo	k	KOS	當前內建
見合一登平	kwong	k	wo	ng	KOD	當前內建
見合一魂上	kwonq	k	wo	nq	KOR	當前內建
見合一魂入	kwot	k	wo	t	KOW	當前內建
見合一魂去	kwonh	k	wo	nh	KOT	當前內建
見合一魂平	kwon	k	wo	n	KOE	當前內建
見合三A仙去	kyenh	k	ye	nh	KMT	當前內建
見合三A支去	kyeh	k	ye	h	KMH	當前內建
見合三A支平	kye	k	ye		KMK	當前內建
見合三A清入	kyaek	k	yae	k	KMS	當前內建
見合三A真入	kyit	k	yi	t	KGW	當前內建
見合三A真去	kyinh	k	yi	nh	KGT	當前內建
見合三A真平	kyin	k	yi	n	KGE	當前內建
見合三A脂上	kyiq	k	yi	iq	KGU	當前內建
見合三A脂去	kyih	k	yi	ih	KGY	當前內建
見合三B仙上	kryenq	k	rye	nq	KRR	當前內建
見合三B仙入	kryet	k	rye	t	KRW	當前內建
見合三B仙去	kryenh	k	rye	nh	KRT	當前內建
見合三B仙平	kryen	k	rye	n	KRE	當前內建
見合三B庚上	kryaengq	k	ryae	ngq	KDF	當前內建
見合三B支上	kueq	k	ue	q	KEJ	當前內建
見合三B支去	kueh	k	ue	h	KEH	當前內建
見合三B支平	kue	k	ue		KEK	當前內建
見合三B真平	kryin	k	ryi	n	KTE	當前內建
見合三B祭去	kryeih	k	rye	ih	KRY	當前內建
見合三B脂上	kryiq	k	ryi	iq	KTU	當前內建
見合三B脂去	kryih	k	ryi	ih	KTY	當前內建
見合三B脂平	kryi	k	ryi	i	KTI	當前內建
見合三C元入	kuot	k	uo	t	KKW	當前內建
見合三C元去	kuonh	k	uo	nh	KKT	當前內建
見合三C微上	kuiq	k	u	iq	KLU	當前內建
見合三C微去	kuih	k	u	ih	KLY	當前內建
見合三C微平	kui	k	u	i	KLI	當前內建
見合三C文入	kut	k	u	t	KLW	當前內建
見合三C文去	kunh	k	u	nh	KLT	當前內建
見合三C文平	kun	k	u	n	KLE	當前內建
見合三C虞上	kuoq	k	uo	q	KKJ	當前內建
見合三C虞去	kuoh	k	uo	h	KKH	當前內建
見合三C虞平	kuo	k	uo		KKK	當前內建
見合三C陽上	kuangq	k	ua	ngq	KQF	當前內建
見合三C陽入	kuak	k	ua	k	KQS	當前內建
見合三C陽去	kuangh	k	ua	ngh	KQG	當前內建
見合二佳上	krweq	k	rwe	q	KPJ	當前內建
見合二佳去	krweh	k	rwe	h	KPH	當前內建
見合二佳平	krwe	k	rwe		KPK	當前內建
見合二刪入	krwaet	k	rwae	t	KHW	當前內建
見合二刪去	krwaenh	k	rwae	nh	KHT	當前內建
見合二刪平	krwaen	k	rwae	n	KHE	當前內建
見合二夬去	krwaeih	k	rwae	ih	KHY	當前內建
見合二山入	krwet	k	rwe	t	KPW	當前內建
見合二山去	krwenh	k	rwe	nh	KPT	當前內建
見合二山平	krwen	k	rwe	n	KPE	當前內建
見合二庚上	krwaengq	k	rwae	ngq	KHF	當前內建
見合二庚入	krwaek	k	rwae	k	KHS	當前內建
見合二庚平	krwaeng	k	rwae	ng	KHD	當前內建
見合二皆去	krweih	k	rwe	ih	KPY	當前內建
見合二皆平	krwei	k	rwe	i	KPI	當前內建
見合二耕入	krwek	k	rwe	k	KPS	當前內建
見合二麻上	krwaeq	k	rwae	q	KHJ	當前內建
見合二麻去	krwaeh	k	rwae	h	KHH	當前內建
見合二麻平	krwae	k	rwae		KHK	當前內建
見合四先上	kwenq	k	we	nq	KVR	當前內建
見合四先入	kwet	k	we	t	KVW	當前內建
見合四先去	kwenh	k	we	nh	KVT	當前內建
見合四先平	kwen	k	we	n	KVE	當前內建
見合四青上	kwengq	k	we	ngq	KVF	當前內建
見合四青入	kwek	k	we	k	KVS	當前內建
見合四青平	kweng	k	we	ng	KVD	當前內建
見合四齊去	kweih	k	we	ih	KVY	當前內建
見合四齊平	kwei	k	we	i	KVI	當前內建
見開一咍上	koiq	k	o	iq	KDU	當前內建
見開一咍去	koih	k	o	ih	KDY	當前內建
見開一咍平	koi	k	o	i	KDI	當前內建
見開一唐上	kangq	k	a	ngq	KBF	當前內建
見開一唐入	kak	k	a	k	KBS	當前內建
見開一唐去	kangh	k	a	ngh	KBG	當前內建
見開一唐平	kang	k	a	ng	KBD	當前內建
見開一寒上	kanq	k	a	nq	KBR	當前內建
見開一寒入	kat	k	a	t	KBW	當前內建
見開一寒去	kanh	k	a	nh	KBT	當前內建
見開一寒平	kan	k	a	n	KBE	當前內建
見開一歌上	kaq	k	a	q	KBJ	當前內建
見開一歌去	kah	k	a	h	KBH	當前內建
見開一歌平	ka	k	a		KBK	當前內建
見開一泰去	kaih	k	a	ih	KBY	當前內建
見開一痕上	konq	k	o	nq	KDR	當前內建
見開一痕去	konh	k	o	nh	KDT	當前內建
見開一痕平	kon	k	o	n	KDE	當前內建
見開一登入	kok	k	o	k	KDS	當前內建
見開一登去	kongh	k	o	ngh	KDG	當前內建
見開一登平	kong	k	o	ng	KDD	當前內建
見開一覃上	komq	k	o	mq	KDV	當前內建
見開一覃入	kop	k	o	p	KDX	當前內建
見開一覃去	komh	k	o	mh	KDB	當前內建
見開一覃平	kom	k	o	m	KDC	當前內建
見開一談上	kamq	k	a	mq	KBV	當前內建
見開一談入	kap	k	a	p	KBX	當前內建
見開一談去	kamh	k	a	mh	KBB	當前內建
見開一談平	kam	k	a	m	KBC	當前內建
見開一豪上	koawq	k	oa	wq	KBM	當前內建
見開一豪去	koawh	k	oa	wh	KBN	當前內建
見開一豪平	koaw	k	oa	w	KBL	當前內建
見開三A仙上	kienq	k	ie	nq	KUR	原固定樣本
見開三A仙入	kiet	k	ie	t	KUW	當前內建
見開三A仙平	kien	k	ie	n	KUE	當前內建
見開三A幽上	kiwq	k	i	wq	KJM	當前內建
見開三A幽平	kiw	k	i	w	KJL	當前內建
見開三A支上	kieq	k	ie	q	KUJ	當前內建
見開三A支去	kieh	k	ie	h	KUH	當前內建
見開三A清上	kiaengq	k	iae	ngq	KOF	當前內建
見開三A清去	kiaengh	k	iae	ngh	KOG	當前內建
見開三A真上	kinq	k	i	nq	KJR	當前內建
見開三A真入	kit	k	i	t	KJW	當前內建
見開三B仙上	krienq	k	rie	nq	KQR	當前內建
見開三B仙入	kriet	k	rie	t	KQW	當前內建
見開三B侵上	kvmq	k	v	mq	KNV	當前內建
見開三B侵入	kvp	k	v	p	KNX	當前內建
見開三B侵去	kvmh	k	v	mh	KNB	當前內建
見開三B侵平	kvm	k	v	m	KNC	當前內建
見開三B宵上	kvewq	k	ve	wq	KRM	當前內建
見開三B宵平	kvew	k	ve	w	KRL	當前內建
見開三B庚上	kriaengq	k	riae	ngq	KUF	當前內建
見開三B庚入	kriaek	k	riae	k	KUS	當前內建
見開三B庚去	kriaengh	k	riae	ngh	KUG	當前內建
見開三B庚平	kriaeng	k	riae	ng	KUD	當前內建
見開三B支上	kveq	k	ve	q	KRJ	當前內建
見開三B支去	kveh	k	ve	h	KRH	當前內建
見開三B支平	kve	k	ve		KRK	當前內建
見開三B真入	krit	k	ri	t	KSW	當前內建
見開三B真平	krin	k	ri	n	KSE	當前內建
見開三B祭去	krieih	k	rie	ih	KQY	當前內建
見開三B脂上	kriq	k	ri	iq	KSU	當前內建
見開三B脂去	krih	k	ri	ih	KSY	當前內建
見開三B脂平	kri	k	ri	i	KSI	當前內建
見開三B鹽上	kriemq	k	rie	mq	KQV	當前內建
見開三B鹽入	kriep	k	rie	p	KQX	當前內建
見開三C之上	kvq	k	v	q	KNJ	當前內建
見開三C之去	kvh	k	v	h	KNH	當前內建
見開三C之平	kv	k	v		KNK	當前內建
見開三C元上	kvonq	k	vo	nq	KIR	當前內建
見開三C元入	kvot	k	vo	t	KIW	當前內建
見開三C元去	kvonh	k	vo	nh	KIT	當前內建
見開三C元平	kvon	k	vo	n	KIE	當前內建
見開三C嚴入	kvop	k	vo	p	KIX	當前內建
見開三C嚴去	kvomh	k	vo	mh	KIB	當前內建
見開三C微上	kviq	k	v	iq	KNU	當前內建
見開三C微去	kvih	k	v	ih	KNY	當前內建
見開三C微平	kvi	k	v	i	KNI	當前內建
見開三C歌平	kva	k	va		KJK	當前內建
見開三C殷上	kvnq	k	v	nq	KNR	當前內建
見開三C殷入	kvt	k	v	t	KNW	當前內建
見開三C殷去	kvnh	k	v	nh	KNT	當前內建
見開三C殷平	kvn	k	v	n	KNE	當前內建
見開三C蒸入	kvk	k	v	k	KNS	當前內建
見開三C蒸平	kvng	k	v	ng	KND	當前內建
見開三C陽上	kvangq	k	va	ngq	KJF	當前內建
見開三C陽入	kvak	k	va	k	KJS	當前內建
見開三C陽去	kvangh	k	va	ngh	KJG	當前內建
見開三C陽平	kvang	k	va	ng	KJD	當前內建
見開三C魚上	kvoq	k	vo	q	KIJ	當前內建
見開三C魚去	kvoh	k	vo	h	KIH	當前內建
見開三C魚平	kvo	k	vo		KIK	當前內建
見開二佳上	kreq	k	re	q	KCJ	當前內建
見開二佳去	kreh	k	re	h	KCH	當前內建
見開二佳平	kre	k	re		KCK	當前內建
見開二刪入	kraet	k	rae	t	KAW	當前內建
見開二刪去	kraenh	k	rae	nh	KAT	當前內建
見開二刪平	kraen	k	rae	n	KAE	當前內建
見開二咸上	kremq	k	re	mq	KCV	當前內建
見開二咸入	krep	k	re	p	KCX	當前內建
見開二咸去	kremh	k	re	mh	KCB	當前內建
見開二咸平	krem	k	re	m	KCC	當前內建
見開二夬去	kraeih	k	rae	ih	KAY	當前內建
見開二山上	krenq	k	re	nq	KCR	當前內建
見開二山入	kret	k	re	t	KCW	當前內建
見開二山去	krenh	k	re	nh	KCT	當前內建
見開二山平	kren	k	re	n	KCE	當前內建
見開二庚上	kraengq	k	rae	ngq	KAF	當前內建
見開二庚入	kraek	k	rae	k	KAS	當前內建
見開二庚去	kraengh	k	rae	ngh	KAG	當前內建
見開二庚平	kraeng	k	rae	ng	KAD	當前內建
見開二皆去	kreih	k	re	ih	KCY	當前內建
見開二皆平	krei	k	re	i	KCI	當前內建
見開二耕上	krengq	k	re	ngq	KCF	當前內建
見開二耕入	krek	k	re	k	KCS	當前內建
見開二耕平	kreng	k	re	ng	KCD	當前內建
見開二肴上	kraewq	k	rae	wq	KAM	當前內建
見開二肴去	kraewh	k	rae	wh	KAN	當前內建
見開二肴平	kraew	k	rae	w	KAL	當前內建
見開二銜入	kraep	k	rae	p	KAX	當前內建
見開二銜去	kraemh	k	rae	mh	KAB	當前內建
見開二銜平	kraem	k	rae	m	KAC	當前內建
見開二麻上	kraeq	k	rae	q	KAJ	當前內建
見開二麻去	kraeh	k	rae	h	KAH	當前內建
見開二麻平	krae	k	rae		KAK	當前內建
見開四先上	kenq	k	e	nq	KER	當前內建
見開四先入	ket	k	e	t	KEW	當前內建
見開四先去	kenh	k	e	nh	KET	當前內建
見開四先平	ken	k	e	n	KEE	當前內建
見開四添入	kep	k	e	p	KEX	當前內建
見開四添去	kemh	k	e	mh	KEB	當前內建
見開四添平	kem	k	e	m	KEC	當前內建
見開四蕭上	kewq	k	e	wq	KEM	當前內建
見開四蕭去	kewh	k	e	wh	KEN	當前內建
見開四蕭平	kew	k	e	w	KEL	當前內建
見開四青上	kengq	k	e	ngq	KEF	當前內建
見開四青入	kek	k	e	k	KES	當前內建
見開四青去	kengh	k	e	ngh	KEG	當前內建
見開四青平	keng	k	e	ng	KED	當前內建
見開四齊去	keih	k	e	ih	KEY	當前內建
見開四齊平	kei	k	e	i	KEI	當前內建
透一侯上	thwuq	th	wu	q	YGJ	當前內建
透一侯去	thwuh	th	wu	h	YGH	當前內建
透一侯平	thwu	th	wu		YGK	當前內建
透一冬去	thowngh	th	ow	ngh	YWG	當前內建
透一冬平	thowng	th	ow	ng	YWD	當前內建
透一東上	thwungq	th	wu	ngq	YGF	當前內建
透一東入	thwuk	th	wu	k	YGS	當前內建
透一東去	thwungh	th	wu	ngh	YGG	當前內建
透一東平	thwung	th	wu	ng	YGD	當前內建
透一模上	thoq	th	o	q	YDJ	當前內建
透一模去	thoh	th	o	h	YDH	當前內建
透一模平	tho	th	o		YDK	當前內建
透合一寒上	thwanq	th	wa	nq	YFR	當前內建
透合一寒入	thwat	th	wa	t	YFW	當前內建
透合一寒去	thwanh	th	wa	nh	YFT	當前內建
透合一寒平	thwan	th	wa	n	YFE	當前內建
透合一歌上	thwaq	th	wa	q	YFJ	當前內建
透合一歌去	thwah	th	wa	h	YFH	當前內建
透合一歌平	thwa	th	wa		YFK	當前內建
透合一泰去	thwaih	th	wa	ih	YFY	當前內建
透合一灰上	thwoiq	th	wo	iq	YOU	當前內建
透合一灰去	thwoih	th	wo	ih	YOY	當前內建
透合一灰平	thwoi	th	wo	i	YOI	當前內建
透合一魂上	thwonq	th	wo	nq	YOR	當前內建
透合一魂入	thwot	th	wo	t	YOW	當前內建
透合一魂平	thwon	th	wo	n	YOE	當前內建
透開一咍上	thoiq	th	o	iq	YDU	當前內建
透開一咍去	thoih	th	o	ih	YDY	當前內建
透開一咍平	thoi	th	o	i	YDI	當前內建
透開一唐上	thangq	th	a	ngq	YBF	當前內建
透開一唐入	thak	th	a	k	YBS	當前內建
透開一唐去	thangh	th	a	ngh	YBG	當前內建
透開一唐平	thang	th	a	ng	YBD	當前內建
透開一寒上	thanq	th	a	nq	YBR	當前內建
透開一寒入	that	th	a	t	YBW	當前內建
透開一寒去	thanh	th	a	nh	YBT	當前內建
透開一寒平	than	th	a	n	YBE	當前內建
透開一歌上	thaq	th	a	q	YBJ	當前內建
透開一歌去	thah	th	a	h	YBH	當前內建
透開一歌平	tha	th	a		YBK	當前內建
透開一泰去	thaih	th	a	ih	YBY	當前內建
透開一痕平	thon	th	o	n	YDE	當前內建
透開一登入	thok	th	o	k	YDS	當前內建
透開一登去	thongh	th	o	ngh	YDG	當前內建
透開一登平	thong	th	o	ng	YDD	當前內建
透開一覃上	thomq	th	o	mq	YDV	當前內建
透開一覃入	thop	th	o	p	YDX	當前內建
透開一覃去	thomh	th	o	mh	YDB	當前內建
透開一覃平	thom	th	o	m	YDC	當前內建
透開一談上	thamq	th	a	mq	YBV	當前內建
透開一談入	thap	th	a	p	YBX	當前內建
透開一談去	thamh	th	a	mh	YBB	當前內建
透開一談平	tham	th	a	m	YBC	當前內建
透開一豪上	thoawq	th	oa	wq	YBM	當前內建
透開一豪平	thoaw	th	oa	w	YBL	當前內建
透開四先上	thenq	th	e	nq	YER	當前內建
透開四先入	thet	th	e	t	YEW	當前內建
透開四先去	thenh	th	e	nh	YET	當前內建
透開四先平	then	th	e	n	YEE	當前內建
透開四添上	themq	th	e	mq	YEV	當前內建
透開四添入	thep	th	e	p	YEX	當前內建
透開四添去	themh	th	e	mh	YEB	當前內建
透開四添平	them	th	e	m	YEC	當前內建
透開四蕭上	thewq	th	e	wq	YEM	當前內建
透開四蕭去	thewh	th	e	wh	YEN	當前內建
透開四蕭平	thew	th	e	w	YEL	當前內建
透開四青上	thengq	th	e	ngq	YEF	當前內建
透開四青入	thek	th	e	k	YES	當前內建
透開四青去	thengh	th	e	ngh	YEG	當前內建
透開四青平	theng	th	e	ng	YED	當前內建
透開四齊上	theiq	th	e	iq	YEU	當前內建
透開四齊去	theih	th	e	ih	YEY	當前內建
透開四齊平	thei	th	e	i	YEI	當前內建
邪三尤去	zuh	z	u	h	ZLH	當前內建
邪三尤平	zu	z	u		ZLK	當前內建
邪三鍾入	zuok	z	uo	k	ZKS	當前內建
邪三鍾去	zuongh	z	uo	ngh	ZKG	當前內建
邪三鍾平	zuong	z	uo	ng	ZKD	當前內建
邪合三仙入	zyet	z	ye	t	ZMW	當前內建
邪合三仙去	zyenh	z	ye	nh	ZMT	當前內建
邪合三仙平	zyen	z	ye	n	ZME	當前內建
邪合三支上	zyeq	z	ye	q	ZMJ	當前內建
邪合三支平	zye	z	ye		ZMK	當前內建
邪合三真去	zyinh	z	yi	nh	ZGT	當前內建
邪合三真平	zyin	z	yi	n	ZGE	當前內建
邪合三祭去	zyeih	z	ye	ih	ZMY	當前內建
邪合三脂去	zyih	z	yi	ih	ZGY	當前內建
邪開三之上	zvq	z	v	q	ZNJ	當前內建
邪開三之去	zvh	z	v	h	ZNH	當前內建
邪開三之平	zv	z	v		ZNK	當前內建
邪開三仙上	zienq	z	ie	nq	ZUR	當前內建
邪開三仙去	zienh	z	ie	nh	ZUT	當前內建
邪開三仙平	zien	z	ie	n	ZUE	當前內建
邪開三侵入	zip	z	i	p	ZJX	當前內建
邪開三侵平	zim	z	i	m	ZJC	當前內建
邪開三清入	ziaek	z	iae	k	ZOS	當前內建
邪開三清平	ziaeng	z	iae	ng	ZOD	當前內建
邪開三脂上	ziq	z	i	iq	ZJU	當前內建
邪開三陽上	zvangq	z	va	ngq	ZJF	當前內建
邪開三陽平	zvang	z	va	ng	ZJD	當前內建
邪開三魚上	zvoq	z	vo	q	ZIJ	當前內建
邪開三魚去	zvoh	z	vo	h	ZIH	當前內建
邪開三魚平	zvo	z	vo		ZIK	當前內建
邪開三鹽平	ziem	z	ie	m	ZUC	當前內建
邪開三麻上	ziaeq	z	iae	q	ZOJ	當前內建
邪開三麻去	ziaeh	z	iae	h	ZOH	當前內建
邪開三麻平	ziae	z	iae		ZOK	當前內建
